RiverId,StateCode,RiverSection
1,AK,Archangel Creek
2,AK,Canyon Creek
3,AK,Gulkana
4,AK,Kenai
5,AK,Little Susitna
6,AK,Matanuska
7,AK,Mendenhall
8,AK,Moose Creek
9,AK,Reeds Creek
10,AK,Ship Creek
11,AK,Sixmile (& E. Fork Sixmile)
12,AK,Stikine
13,AK,Susitna
14,AK,Talkeetna
15,AK,Willow Creek
16,AK,Wolverine Creek
17,AL,Bear Creek (Dekalb Co.)
18,AL,Black
19,AL,Blackwater Creek
20,AL,Cahaba
21,AL,Chattahoochee
22,AL,Cheaha Creek
23,AL,Chinquapin Creek
24,AL,Choccolocco Creek
25,AL,Coosa
26,AL,Cotaco Creek
27,AL,Graves Creek
28,AL,Gurley Creek
29,AL,Hatchet Creek
30,AL,Hicks Creek
31,AL,Hog Creek
32,AL,Hubbard Creek
33,AL,Johnnies Creek
34,AL,Little
35,AL,Little Uchee
36,AL,"Little, E. Fork"
37,AL,"Little, W. Fork"
38,AL,Salt Creek
39,AL,Sipsey Fork
40,AL,Socapatoy Creek
41,AL,Sougahatchee Creek
42,AL,South Sauty Creek
43,AL,Talladega Creek
44,AL,Tallapoosa
45,AL,Turkey Creek
46,AL,Walnut Creek
47,AL,"Warrior, Blackburn Fork"
48,AL,"Warrior, Locust Fork"
49,AL,Wolf Creek (LRC Tributary)
50,AL,Wolf Creek (Weiss Lake Tributary)
51,AL,Yellow Creek
52,AR,Baker Creek
53,AR,Bear Creek (Big Piney trib)
54,AR,Bear Creek (South Fourche trib)
55,AR,Big Creek
56,AR,Big Devil's Fork
57,AR,Big Piney Creek
58,AR,Blackburn Creek
59,AR,Blaylock Creek
60,AR,Blocker Creek
61,AR,Bobtail Creek
62,AR,Boen Gulf Branch
63,AR,Boss Hollow
64,AR,Brushy Creek
65,AR,Buffalo
66,AR,Caddo
67,AR,Cadron Creek
68,AR,"Cadron Creek, East Fork"
69,AR,"Cadron Creek, Middle Fork"
70,AR,Cedar Creek (Crawford Co.)
71,AR,"Cedar Creek, E. Fork (Crawford Co.)"
72,AR,"Cedar Creek, W. Fork (Crawford Co.)"
73,AR,Clark Creek
74,AR,Clear Creek
75,AR,Cossatot
76,AR,Cove Creek (Faulkner Co.)
77,AR,Crooked Creek (Montgomery Co.)
78,AR,Dry Creek (Richland)
79,AR,Fall Creek
80,AR,Falling Water Creek
81,AR,Falls Branch
82,AR,Fiddlers Creek
83,AR,Frog Bayou
84,AR,Graves Creek
85,AR,Harris Creek
86,AR,Hart Creek
87,AR,Hogan's Creek
88,AR,Hurricane Creek (Franklin County)
89,AR,Hurricane Creek (Newton & Pope Co.)
90,AR,Illinois
91,AR,Illinois Bayou
92,AR,"Illinois Bayou, E. Fork"
93,AR,"Illinois Bayou, Middle Fork"
94,AR,"Illinois Bayou, N. Fork"
95,AR,Indian Creek
96,AR,Jack Creek
97,AR,Kings
98,AR,Lee Creek
99,AR,Left Hand Prong
100,AR,Little Missouri
101,AR,Little Piney Creek
102,AR,"Little Red, Archey's Fork"
103,AR,"Little Red, Middle Fork"
104,AR,"Little Red, South Fork"
105,AR,Long Devil's Fork
106,AR,Meadow Creek
107,AR,Moore Creek
108,AR,Mulberry
109,AR,North Sylamore Creek
110,AR,Opossum Creek
111,AR,Ouachita
112,AR,Richland Creek
113,AR,Rock Creek
114,AR,Salado Creek
115,AR,Saline (Howard County)
116,AR,"Saline, Alum Fork"
117,AR,"Saline, North Fork"
118,AR,South Fourche LaFave
119,AR,Spirits Creek
120,AR,Spring
121,AR,Strawberry
122,AR,Sugar Creek
123,AR,Sulphur Creek
124,AR,Trace Creek
125,AR,War Eagle Creek
126,AR,White
127,AR,"White, Middle Fork"
128,AR,"White, West Fork"
129,AZ,Bill Williams
130,AZ,"Black, E. Fork"
131,AZ,Blue
132,AZ,Chevelon Creek
133,AZ,Christopher Creek
134,AZ,Colorado
135,AZ,Eagle Creek
136,AZ,East Verde
137,AZ,Ellison Creek
138,AZ,Fossil Creek
139,AZ,Gila
140,AZ,Little Colorado
141,AZ,Oak Creek
142,AZ,Salome Creek
143,AZ,Salt
144,AZ,San Francisco
145,AZ,Sycamore Creek
146,AZ,Tonto Creek
147,AZ,Verde
148,AZ,Virgin
149,AZ,Wet Beaver Creek
150,AZ,"White River, East Fork"
151,CA,Alameda Creek
152,CA,American
153,CA,"American, N. Fork"
154,CA,Antelope Creek
155,CA,Arroyo Hondo
156,CA,Arroyo Mocho
157,CA,Arroyo Seco
158,CA,Arroyo Valle
159,CA,Battle Creek
160,CA,Bear Creek
161,CA,Big Sulphur Creek
162,CA,Big Sur
163,CA,Brush Creek
164,CA,Butte Creek
165,CA,Cache Creek
166,CA,Carmel
167,CA,"Carson, E. Fork"
168,CA,Cherry Creek
169,CA,Clear Creek (Sacramento trib.)
170,CA,Cosumnes
171,CA,Crapo Creek
172,CA,Cuyama
173,CA,Deer Creek
174,CA,Dry Meadow Creek
175,CA,Eel
176,CA,"Eel, Middle Fork"
177,CA,"Eel, S. Fork"
178,CA,Elder Creek
179,CA,Goose Creek
180,CA,Indian Creek (Klamath trib)
181,CA,"Kern, S. Fork"
182,CA,Klamath
183,CA,Little Sulphur Creek
184,CA,Los Penasquitos Creek
185,CA,Mattole
186,CA,Merced
187,CA,Napa
188,CA,Navarro
189,CA,New
190,CA,Noyo
191,CA,Piru Creek
192,CA,Pit
193,CA,Putah Creek
194,CA,Redwood Creek
195,CA,Russian
196,CO,Animas
197,CO,Arkansas
198,CO,Blue
199,CO,"Cache La Poudre, North Fork"
200,CO,Cimarron
201,CO,Clear Creek
202,CO,"Clear Creek, West Fork"
203,CO,Colorado
204,CO,Cross Creek
205,CO,Crystal
206,CO,"Crystal, South Fork"
207,CO,Daisy Creek
208,CO,Dolores
209,CO,Eagle
210,CO,East
211,CO,Elk River
212,CO,Fish Creek
213,CO,Fraser
214,CO,Fryingpan
215,CO,Gore Creek
216,CO,Green
217,CO,Gunnison
218,CO,"Gunnison, North Fork"
219,CO,Homestake Creek
220,CO,Joe Wright Creek
221,CO,Lake Fork Gunnison
222,CO,Mineral Creek
223,CO,North Platte
224,CO,Oh Be Joyful Creek
225,CO,Piedra
226,CO,Piney
227,CO,Plateau Creek
228,CO,Purgatoire
229,CO,Roaring Fork
230,CO,San Juan
231,CO,San Miguel
232,CO,Slate
233,CO,Snake River
234,CO,South Platte
235,CO,Taylor River Canyon
236,CO,Tenmile Creek
237,CO,Uncompahgre River
238,CO,Vallecito Creek
239,CO,White
240,CO,Williams Fork
241,CO,Woods Creek
242,CO,Yampa
243,CT,Center Brook
244,CT,Far Mill River
245,CT,Farmington
246,CT,"Farmington, W. Branch"
247,CT,Housatonic
248,CT,Hubbard
249,CT,Natchaug
250,CT,Naugatuck
251,CT,Norwalk
252,CT,Quinebaug
253,CT,Roaring Brook
254,CT,Salmon
255,CT,Sandy Brook
256,CT,Shepaug
257,CT,Still
258,CT,Tenmile
259,CT,Willimantic River
260,DE,Brandywine Creek
261,DE,"Brandywine Creek, W. Branch"
262,DE,Red Clay Creek
263,FL,Alapahoochee (Grand Bay Canal)
264,FL,Hillsborough
265,FL,Suwannee
266,GA,Alcovy
267,GA,Allen Creek
268,GA,Amicalola Creek
269,GA,Annewakee
270,GA,Apalachee
271,GA,Augusta Canal Overflow
272,GA,Bear Creek
273,GA,Big Creek
274,GA,Big Sandy Creek
275,GA,Blood Mountain Creek
276,GA,Boggs Creek
277,GA,Broad
278,GA,"Broad, South Fork"
279,GA,Cartecay
280,GA,Chattahoochee
281,GA,Chattooga
282,GA,"Chattooga, West Fork"
283,GA,Chauga
284,GA,Chestatee
285,GA,Clear Creek
286,GA,Coleman
287,GA,Conasauga
288,GA,Coosa
289,GA,Coosawattee
290,GA,Dicks Creek
291,GA,Dog
292,GA,Etowah
293,GA,Flat Creek
294,GA,Flat Shoal River
295,GA,Flint
296,GA,Frogtown Creek
297,GA,Gulf Creek
298,GA,Hazel Creek
299,GA,Holly Creek
300,GA,Hudson
301,GA,Hurricane Creek
302,GA,Line Creek
303,GA,Little
304,GA,Little 2 (Putnam County)
305,GA,Little 3 (Putnam County)
306,GA,Little Towaliga
307,GA,"Little, E.Fk."
308,GA,"Little, North Fork"
309,GA,Marsh Creek
310,GA,Mill Shoal Creek
311,GA,Mobley Creek
312,GA,Moccasin Creek
313,GA,Mossy Creek
314,GA,Mud Creek
315,GA,Murder Creek
316,GA,Nancy Town
317,GA,Nickajack Creek
318,GA,North Oconee
319,GA,Ocmulgee
320,GA,Oconee
321,GA,Ogeechee
322,GA,Overflow Creek
323,GA,Potato Creek
324,GA,Rottenwood Creek
325,GA,Savannah
326,GA,Sewell Mill Creek
327,GA,Skull Shoal Creek
328,GA,Snake
329,GA,Sope Creek
330,GA,South
331,GA,Stekoa Creek
332,GA,Sweetwater Creek
333,GA,Talking Rock Creek
334,GA,Tallulah
335,GA,Tanyard Branch
336,GA,Tesnatee Creek
337,GA,Tiger Creek
338,GA,Warwoman Creek
339,GA,Whetstone Creek
340,GA,Whooping Creek
341,GA,Wildcat Creek
342,GA,Wolf Creek
343,GA,Yahoola Creek
344,GA,Yellow
345,HI,Hanalei
346,HI,Koaie Stream
347,HI,Ohe'o Gulch
348,HI,Wailuku River (Hilo Run)
349,HI,Waimea
350,IA,Boone
351,IA,Cedar
352,IA,Des Moines
353,IA,"Lizard Creek, S.Br."
354,IA,Maquoketa
355,IA,Onion Creek
356,IA,Raccoon
357,IA,South Skunk
358,IA,Turkey
359,IA,Walnut Creek
360,IA,White Breast Creek
361,IA,Winnebago
362,ID,Bear
363,ID,Big Bear
364,ID,Big Creek (Tributary of St. Joe River)
365,ID,Bitch Creek
366,ID,Boise
367,ID,"Boise, N. Fork"
368,ID,"Boise, S. Fork"
369,ID,Boulder Creek
370,ID,Boundary Creek
371,ID,Bruneau
372,ID,"Bruneau, W. Fork"
373,ID,"Clearwater, N. Fork"
374,ID,"Clearwater, S. Fork"
375,ID,Coeur d'Alene
376,ID,"Coeur d'Alene, Big North Fork"
377,ID,"Coeur d'Alene, Little North Fork"
378,ID,"Coeur d'Alene, North Fork"
379,ID,"Coeur d'Alene, South Fork"
380,ID,Deadwood
381,ID,Falls
382,ID,Fish Creek
383,ID,Henrys Fork
384,ID,Jarbidge
385,ID,Johnson Creek
386,ID,Lion Creek
387,ID,Little Potlatch River
388,ID,Little Salmon
389,ID,Lochsa
390,ID,Lolo Creek
391,ID,Malad (aka Big Wood)
392,ID,Mores Creek
393,ID,Moyie
394,ID,Owyhee
395,ID,Pack
396,ID,Payette
397,ID,"Payette, Middle Fork"
398,ID,"Payette, N. Fork"
399,ID,"Payette, S. Fork"
400,ID,Portneuf
401,ID,Potlatch
402,ID,Priest
403,ID,Salmon
404,ID,"Salmon, E. Fork of S. Fork"
405,ID,"Salmon, Middle Fork"
406,ID,"Salmon, S. Fork"
407,ID,"Salmon, Yankee Fork"
408,ID,Secesh
409,ID,Selway
410,ID,Smith Creek
411,ID,Snake
412,ID,Spokane
413,ID,St. Joe
414,ID,St. Maries
415,ID,Teton
416,ID,Weiser
417,ID,Yaak
418,IL,Bailey Creek
419,IL,Bear Branch
420,IL,Bear Creek
421,IL,Blackberry Creek
422,IL,Cedar Creek (Adams Co.)
423,IL,Covel Creek
424,IL,Des Plaines
425,IL,DuPage
426,IL,Ferson Creek
427,IL,Fox (Illinois R. trib.)
428,IL,Hickory Creek
429,IL,"Kent Creek, S.Fk."
430,IL,Little Vermilion
431,IL,Lusk Creek
432,IL,Mississippi
433,IL,Pecatonica
434,IL,Sangamon
435,IL,Somonauk Creek
436,IL,Spring Creek
437,IL,Tyler Creek
438,IL,Vermilion
439,IL,Waubonsie Creek
440,IN,Big Pine Creek
441,IN,Blue
442,IN,Flatrock
443,IN,Indian Creek
444,IN,Mill Creek
445,IN,Mud Pine Creek
446,IN,Ohio
447,IN,Pipe Creek
448,IN,Rattlesnake Creek
449,IN,Sugar Creek
450,IN,Wabash
451,IN,White Lick Creek
452,IN,"White, East Fork"
453,IN,Whitewater
454,IN,"Whitewater, E.Fk."
455,KS,Elk
456,KS,Kansas River
457,KY,Banklick Creek
458,KY,Barren River
459,KY,Beech Fork
460,KY,Buck Creek
461,KY,Cane Creek
462,KY,Cane Run Creek
463,KY,Cedar Creek (Floyds Fork trib.)
464,KY,Cloverlick Creek
465,KY,Cumberland
466,KY,"Cumberland, Big South Fork"
467,KY,"Cumberland, Clover Fork"
468,KY,"Cumberland, Martins Fork"
469,KY,"Cumberland, Poor Fork"
470,KY,Elkhorn Creek
471,KY,Floyds Fork of the Salt River
472,KY,Fugitt Creek
473,KY,Glenn's Creek
474,KY,Gunpowder Creek
475,KY,Harrods Creek
476,KY,"Kentucky, Middle Fork"
477,KY,"Kentucky, South Fork"
478,KY,Red
479,KY,Roaring Paunch
480,KY,Rock Creek (Cumberland trib)
481,KY,Rockcastle
482,KY,Salt
483,KY,Sinking Creek
484,LA,Sabine River
485,LA,Toro Bayou
486,MA,Assabet
487,MA,Charles
488,MA,Concord
489,MA,Connecticut
490,MA,Dead Branch of the Westfield River
491,MA,Deerfield
492,MA,Green
493,MA,Hoosic
494,MA,Locke Brook
495,MA,Millers
496,MA,Monatiquot
497,MA,North
498,MA,Quinapoxet
499,MA,Ware
500,MA,"Westfield, Middle Branch"
501,MA,"Westfield, N. Branch"
502,MA,"Westfield, W. Branch"
503,MD,"Anacostia, Northwest Branch"
504,MD,Antietam Creek
505,MD,Bear Creek
506,MD,Beaver Creek
507,MD,Bennett Creek
508,MD,Big Elk Creek
509,MD,Broad Creek
510,MD,Brush Creek
511,MD,Cabin John Creek
512,MD,Casselman
513,MD,"Casselman, N. Branch"
514,MD,Catoctin Creek
515,MD,Conowingo Creek
516,MD,Crabtree Creek
517,MD,Deer Creek
518,MD,Evitts Creek
519,MD,Fifteen Mile Creek
520,MD,Flintstone Creek
521,MD,Georges Creek
522,MD,Gunpowder Falls
523,MD,Gwynns Falls
524,MD,Herring Run
525,MD,Hunting Creek
526,MD,Jennings Run
527,MD,Laurel Run
528,MD,Little Falls
529,MD,Little Gunpowder Falls
530,MD,Little Patuxent
531,MD,Little Seneca Creek
532,MD,Little Wills Creek
533,MD,Long Green Creek
534,MD,Marsh Creek
535,MD,Middle creek
536,MD,Middle Creek (Toms Creek trib.)
537,MD,Middle Patuxent
538,MD,Mill Run
539,MD,Muddy Creek
540,MD,Northeast Creek
541,MD,Octoraro Creek
542,MD,Owens Creek
543,MD,Patapsco
544,MD,"Patapsco, S. Branch"
545,MD,Piney Run
546,MD,Potomac
547,MD,"Potomac, North Branch"
548,MD,Rock Creek
549,MD,Savage
550,MD,Seneca Creek
551,MD,Sideling Hill Creek
552,MD,Town Creek
553,MD,Wills Creek
554,MD,Winters Run
555,MD,Youghiogheny
556,ME,Allagash
557,ME,Androscoggin
558,ME,Aroostook
559,ME,Big Black
560,ME,Bull Branch (of the Sunday River)
561,ME,Carrabasset
562,ME,Cobbosseecontee Stream
563,ME,Dead
564,ME,Ducktrap
565,ME,Goose Eye Brook
566,ME,Grand Lake Stream
567,ME,Kenduskeag Stream
568,ME,Kennebec
569,ME,Kingsbury Stream
570,ME,Little Androscoggin
571,ME,Long Pond Stream
572,ME,Machias
573,ME,Mattawamkeag
574,ME,Mousam
575,ME,Narraguagus
576,ME,Old Stream
577,ME,Ossipee
578,ME,"Penobscot, E. Branch"
579,ME,Piscataquis
580,ME,Piscataquis River
581,ME,"Piscataquis, E. Branch"
582,ME,Presumpscot
583,ME,Saco
584,ME,Sandy
585,ME,Sandy Stream
586,ME,Seboeis
587,ME,Sheepscot
588,ME,Spencer Stream
589,ME,St. Croix
590,ME,St. Francis
591,ME,St. John
592,ME,Stillwater
593,ME,Swift
594,ME,Wild
595,MI,Au Train
596,MI,Bear
597,MI,Black
598,MI,Boardman
599,MI,Brule
600,MI,Carp (Marquette)
601,MI,Chippewa
602,MI,Chocolay
603,MI,Clinton
604,MI,Dead
605,MI,Eagle
606,MI,Escanaba
607,MI,"Escanaba, E.Br."
608,MI,"Escanaba, M.Br."
609,MI,Falls
610,MI,Ford
611,MI,Grand
612,MI,Gratiot
613,MI,Huron (Washtenaw)
614,MI,Iron
615,MI,Little Carp (Porkies)
616,MI,Menominee
617,MI,Michigamme
618,MI,Mill Creek
619,MI,Ontonagon
620,MI,"Ontonagon, Cisco Br."
621,MI,"Ontonagon, M.Br."
622,MI,"Ontonagon, W.Br."
623,MI,"Otter, W.Br."
624,MI,Paint
625,MI,Paint Creek
626,MI,Pilgrim
627,MI,Pine
628,MI,Presque Isle
629,MI,Red Cedar
630,MI,Rock
631,MI,Rogue
632,MI,Salmon Trout
633,MI,Sand Island Creek
634,MI,Silver
635,MI,Slate
636,MI,Sturgeon (Baraga)
637,MI,Sturgeon (Cheboygan)
638,MI,Sturgeon (Dickinson)
639,MI,"Sturgeon, W.Br. (Houghton)"
640,MI,Tahquamenon
641,MI,Tioga
642,MN,Beaver Creek
643,MN,Big Fork
644,MN,Big Sucker Creek
645,MN,Cannon
646,MN,Hawk Creek
647,MN,Kettle
648,MN,Knife
649,MN,Lester
650,MN,Little Fork
651,MN,Lower Tamarack
652,MN,Mississippi
653,MN,Pigeon
654,MN,Redwood
655,MN,Sand Creek
656,MN,Sauk
657,MN,Snake
658,MN,St. Croix
659,MN,St. Louis
660,MN,Vermilion
661,MN,Vermillion (Hastings)
662,MN,"Wild Rice, S.Br."
663,MN,Yellow Medicine
664,MO,Big Creek
665,MO,"Black, East Fork"
666,MO,Blue
667,MO,Castor
668,MO,Crane Pond Creek
669,MO,Eleven Point
670,MO,Flat Creek
671,MO,Little Rock Creek
672,MO,Little St. Francis
673,MO,Lower Rock Creek
674,MO,Missouri
675,MO,Mud Creek
676,MO,North
677,MO,North Fork (White River)
678,MO,Pickle Creek
679,MO,South Fabius
680,MO,Stouts Creek
681,MO,Turkey Creek
682,MS,Chunky
683,MS,Okatoma Creek
684,MT,Beaverhead
685,MT,Big Hole
686,MT,Blackfoot
687,MT,Boulder
688,MT,Boulder (Jefferson R. tributary)
689,MT,"Boulder, West"
690,MT,Clark Fork
691,MT,Clarks Fork Yellowstone
692,MT,Crandall Creek
693,MT,Dearborn
694,MT,Elk Creek (Swan Trib)
695,MT,Falls Creek (Dearborn Trib)
696,MT,Fish Creek
697,MT,"Flathead, Middle Fork"
698,MT,"Flathead, North Fork"
699,MT,"Flathead, South Fork"
700,MT,Flint Creek
701,MT,Gallatin
702,MT,Judith
703,MT,Kootenai
704,MT,Kootenai Creek
705,MT,Madison
706,MT,Prospect Creek
707,MT,Rock Creek (Carbon County)
708,MT,Rock Creek (Missoula County)
709,MT,"Rosebud Creek, West"
710,MT,Smith
711,MT,Stillwater
712,MT,Swan
713,MT,Swan River
714,MT,Teton River (North Fork)
715,MT,"Teton River, North Fork"
716,MT,Thompson River
717,MT,Trout Creek
718,MT,Two Medicine
719,MT,"Two Medicine, South Fork"
720,MT,Yellowstone
721,NC,Alarka Creek
722,NC,Ararat
723,NC,Big Creek
724,NC,Big Creek (Stokes Co.)
725,NC,Big Laurel Creek
726,NC,Boone Fork
727,NC,Broad
728,NC,Brush Creek
729,NC,Buckhorn Creek
730,NC,Buffalo Creek
731,NC,Buffalo Creek (Guilford Co.)
732,NC,Cape Fear
733,NC,Cartoogechaye
734,NC,Cataloochee Creek
735,NC,Catawba
736,NC,Cheoah
737,NC,Crabtree Creek (Umstead State Park)
738,NC,Dan
739,NC,Davidson
740,NC,Deep
741,NC,Eastatoe Creek -1
742,NC,Elk
743,NC,Elk Creek
744,NC,Eno
745,NC,Fires Creek
746,NC,First Broad
747,NC,Flat
748,NC,French Broad
749,NC,"French Broad, North Fork"
750,NC,"French Broad, West Fork"
751,NC,Haw
752,NC,Hominy Creek
753,NC,Johns
754,NC,Jonathans Creek
755,NC,Linville
756,NC,Little (Cape Fear trib)
757,NC,Little (Eno trib)
758,NC,Little (Fr.Broad trib)
759,NC,Little Fishing Creek
760,NC,Little Tennessee
761,NC,Looking Glass Creek
762,NC,Matthews Creek
763,NC,"Mayo, N. Fork"
764,NC,"Mayo, S. Fork"
765,NC,Nantahala
766,NC,Neuse
767,NC,New
768,NC,New Hope Creek
769,NC,"New, S. Fork"
770,NC,Nolichucky
771,NC,North Pacolet
772,NC,North Toe
773,NC,Oconaluftee
774,NC,Oilcamp creek
775,NC,Pigeon
776,NC,"Pigeon, Big East Fork"
777,NC,"Pigeon, East Fork"
778,NC,"Pigeon, West Fork"
779,NC,Raven Fork
780,NC,Reddies
781,NC,Reedy Cove Creek
782,NC,Reedy Fork Creek
783,NC,Roanoke
784,NC,Rocky (Cape Fear Trib)
785,NC,Rocky (Pee Dee trib)
786,NC,South Fork Mills River
787,NC,South Yadkin
788,NC,Spivey Creek
789,NC,Spring Creek
790,NC,Straight Fork
791,NC,Swannanoa
792,NC,Tanasee Creek
793,NC,Tar
794,NC,Toe
795,NC,"Toe, South"
796,NC,Tuckasegee
797,NC,Watauga
798,NC,Wilson Creek
799,NC,Yadkin
800,NC,Yellow Creek
801,ND,Little South Pembina
802,ND,Pembina
803,ND,Red River of the North
804,NE,Dismal
805,NE,Niobrara
806,NH,Ammonoosuc
807,NH,Androscoggin
808,NH,Ashuelot
809,NH,Baker
810,NH,"Baker, S. Branch"
811,NH,Bearcamp
812,NH,Blackwater
813,NH,Broad Brook
814,NH,Cascade Brook
815,NH,Cocheco
816,NH,Connecticut
817,NH,Contoocook
818,NH,"Contoocook, N. Branch"
819,NH,Croyden Brook
820,NH,Diamond River
821,NH,Dry
822,NH,Fowler
823,NH,Halls Brook
824,NH,Isinglass
825,NH,Lamprey
826,NH,Merrimack
827,NH,Nashua
828,NH,Otter Brook
829,NH,Pemigewasset
830,NH,"Pemigewasset, East Branch"
831,NH,"Pemigewasset, Hancock Branch"
832,NH,"Pemigewasset, North Fork."
833,NH,Piscataquog
834,NH,"Piscataquog, North Branch"
835,NH,Pond Brook
836,NH,Saco
837,NH,Sawyer
838,NH,Smith
839,NH,Soucook
840,NH,Souhegan
841,NH,Stony Brook
842,NH,Sugar
843,NH,Suncook
844,NH,Warner
845,NH,Winnipesaukee
846,NH,Wonalancet
847,NJ,Delaware
848,NJ,Lamington
849,NJ,Musconetcong
850,NJ,Paulins Kill
851,NJ,Pequannock
852,NJ,Pequest
853,NJ,Posts Creek
854,NJ,"Raritan, N. Branch"
855,NJ,"Raritan, S. Branch"
856,NJ,Rockaway
857,NJ,Rockaway Creek
858,NJ,Wanaque
859,NJ,West Brook
860,NM,Animas
861,NM,Canadian
862,NM,Cimarron
863,NM,Gila
864,NM,Jemez
865,NM,Mora
866,NM,Pecos
867,NM,Red River
868,NM,Rio Chama
869,NM,Rio Grande
870,NM,Rio Guadalupe
871,NM,Rio Ojo Caliente
872,NM,Rio Pueblo de Taos
873,NM,Rio Santa Cruz
874,NM,San Francisco
875,NM,San Juan
876,NV,"Bruneau, West Fork"
877,NV,Carson River
878,NV,"Jarbidge, East Fork"
879,NV,"Jarbidge, West Fork"
880,NV,Owyhee
881,NV,Truckee
882,NY,Anthony Kill
883,NY,Ausable
884,NY,"Ausable, E. Branch"
885,NY,"Ausable, W. Branch"
886,NY,Balm of Gilead Brook
887,NY,Bash Bish Brook
888,NY,Basic Creek
889,NY,Batavia Kill (Delaware tributary)
890,NY,Batavia Kill (Schoharie Cr. Tributary)
891,NY,Batten Kill
892,NY,Bear Kill
893,NY,Beaver Kill (Delaware tributary)
894,NY,Beaver Kill (Hudson tributary)
895,NY,Beaver Meadow Creek
896,NY,Beecher Creek
897,NY,Beer Kill
898,NY,"Beer Kill, W. Branch"
899,NY,Black
900,NY,Black Brook
901,NY,"Black, S. Branch"
902,NY,Bog
903,NY,Boland Creek
904,NY,Boquet
905,NY,"Boquet, N. Branch"
906,NY,"Boquet, S. Branch"
907,NY,Boreas
908,NY,Bowery Creek
909,NY,Bowman Creek
910,NY,"Branch, The (Boquet trib.)"
911,NY,"Branch, The (Schroon trib.)"
912,NY,Bush Kill
913,NY,Butternut Creek
914,NY,"Callicoon Creek, E. Branch"
915,NY,"Callicoon Creek, N. Branch"
916,NY,Canadaway Creek
917,NY,Canajoharie Creek
918,NY,Canandaigua Outlet
919,NY,Canaseraga Creek
920,NY,Canisteo
921,NY,Caroga Creek
922,NY,Cascadilla Creek
923,NY,Catskill Creek
924,NY,Cattaraugus Creek
925,NY,"Cattaraugus Creek, S. Branch"
926,NY,Cayuta Creek
927,NY,"Cazenovia Creek, W. Branch"
928,NY,"Cazenovia Creek, W.Branch"
929,NY,Cedar
930,NY,Chateaugay
931,NY,Chautauqua Creek
932,NY,Chittenango Creek
933,NY,Cincinnati Creek
934,NY,Claverack Creek
935,NY,"Clear Creek, N. Br."
936,NY,Cobleskill Creek
937,NY,Cold
938,NY,Conesus Creek
939,NY,County Line Brook
940,NY,Coxing Kill
941,NY,Croton
942,NY,Crystal Creek
943,NY,Deer (Black trib.)
944,NY,Deer (St. Lawrence trib.)
945,NY,Deer Creek (Hudson Trib.)
946,NY,Delaware
947,NY,"Delaware, E. Branch"
948,NY,"Delaware, Little Delaware"
949,NY,"Delaware, W. Branch"
950,NY,Doig Creek
951,NY,Dry Brook
952,NY,Dunning Creek
953,NY,East Canada Creek
954,NY,East Kill (Schoharie Creek trib)
955,NY,East Stony Creek
956,NY,Eighteenmile Creek
957,NY,"Eighteenmile Creek, S. Br."
958,NY,Elbow Creek
959,NY,Ellicott Creek
960,NY,Elm Creek
961,NY,Esopus Creek
962,NY,Fall Creek
963,NY,"Fish Creek, E. Branch"
964,NY,Fishkill Creek
965,NY,Flint Creek
966,NY,Fox Creek
967,NY,Genesee
968,NY,Georgia Brook
969,NY,Glen Creek
970,NY,Grass
971,NY,"Grass, Lower S. Branch"
972,NY,"Grass, Middle Branch"
973,NY,"Grass, N. Branch"
974,NY,"Grass, Upper South Branch"
975,NY,Great Chazy
976,NY,"Great Chazy, North Branch"
977,NY,Great Gully Creek
978,NY,Hague Brook
979,NY,Hannacrois Creek
980,NY,Holmes Lake Outlet
981,NY,Honeoye Creek
982,NY,Hoosic
983,NY,Hudson
984,NY,Independence
985,NY,Independence River
986,NY,Indian (Hudson trib.)
987,NY,Indian (S.Br. Moose trib.)
988,NY,Island Branch
989,NY,Jenny Creek
990,NY,Jimmy Creek
991,NY,John's Brook
992,NY,Jordan
993,NY,Kaaterskill Creek
994,NY,Keshequa Creek
995,NY,Keuka Outlet
996,NY,Kinderhook Creek
997,NY,Kiskatom Creek
998,NY,Kline Kill
999,NY,Kortright Creek
1000,NY,Lake Ozonia Outlet
1001,NY,Lamson Run
1002,NY,Limestone Creek
1003,NY,Little
1004,NY,Little Black Brook
1005,NY,Little Black Creek
1006,NY,Little Chautauqua Creek
1007,NY,Little Elk Creek
1008,NY,Little Trout
1009,NY,Little Woodhull Creek
1010,NY,Mad River
1011,NY,Marble
1012,NY,Meacham Lake Outlet
1013,NY,Mettawee
1014,NY,Mill Brook
1015,NY,Mill Creek (Essex County)
1016,NY,Mill Creek (Hudson trib.)
1017,NY,Mill Creek (Lewis County)
1018,NY,Mohawk
1019,NY,Mombaccus Creek
1020,NY,Mongaup
1021,NY,Moodna Creek
1022,NY,Moose
1023,NY,"Moose, Middle Branch"
1024,NY,"Moose, S. Branch"
1025,NY,Murder Creek
1026,NY,Negro Brook
1027,NY,Neversink
1028,NY,"Neversink, E. Branch"
1029,NY,"Neversink, W. Branch"
1030,NY,Ninemile Creek
1031,NY,Normans Kill
1032,NY,North Chuctanunda Creek
1033,NY,North Creek
1034,NY,Nowadaga Creek
1035,NY,Oak Orchard Creek
1036,NY,Oatka Creek
1037,NY,Oriskany Creek
1038,NY,"Oswegatchie, E. Branch"
1039,NY,"Oswegatchie, Middle Branch"
1040,OH,Ashtabula
1041,OH,Caesar Creek
1042,OH,Chagrin
1043,OH,Conneaut Creek
1044,OH,Cuyahoga
1045,OH,Four Mile Creek
1046,OH,Grand
1047,OH,Great Miami
1048,OH,Greenville Creek
1049,OH,Holes Creek
1050,OH,Kokosing
1051,OH,Licking
1052,OH,Little Beaver Creek
1053,OH,Little Miami
1054,OH,"Little Miami River, East Fork"
1055,OH,Ludlow Creek
1056,OH,Mad
1057,OH,Mad River
1058,OH,Massie's Creek
1059,OH,Maumee
1060,OH,O'Bannon Creek
1061,OH,Olentangy
1062,OH,Paint Creek
1063,OH,Painter Creek
1064,OH,Portage
1065,OH,Rattlesnake Creek
1066,OH,Rocky Fork Creek
1067,OH,"Rocky, N. Br. of the W. Br."
1068,OH,"Rocky, W. Br."
1069,OH,"Rocky, W.Br."
1070,OH,Sagamore Creek
1071,OH,Sandusky
1072,OH,Stonelick Creek
1073,OH,Sycamore Creek
1074,OH,Tinker's Creek
1075,OH,Todd Fork
1076,OH,Vermilion
1077,OH,Wakatomica Creek
1078,OH,White Oak Creek
1079,OK,Arkansas
1080,OK,Blue
1081,OK,Flint Creek
1082,OK,Glover
1083,OK,Honey Creek
1084,OK,Illinois River
1085,OK,Kiamichi
1086,OK,Mountain Fork
1087,OK,Pennington Creek
1088,OK,Rocky Creek
1089,OR,Abiqua Creek
1090,OR,Alsea
1091,OR,"Alsea, N. Fork"
1092,OR,Battle Axe Creek
1093,OR,Beaver Creek
1094,OR,Big Butte Creek
1095,OR,Boulder Creek
1096,OR,Breitenbush
1097,OR,Brice Creek
1098,OR,Briggs Creek
1099,OR,Bull Run
1100,OR,Butte Creek
1101,OR,Calf Creek
1102,OR,Canal Creek
1103,OR,Canton Creek
1104,OR,Canyon Creek
1105,OR,Cedar Creek
1106,OR,Chetco
1107,OR,"Chetco, South Fork"
1108,OR,Christy Creek
1109,OR,Clackamas
1110,OR,"Clackamas, Oak Grove Fork"
1111,OR,"Clackamas, South Fork"
1112,OR,Collawash
1113,OR,Copeland Creek
1114,OR,"Coquille, MF"
1115,OR,"Coquille, S. Fork"
1116,OR,Crabtree Creek
1117,OR,Crooked
1118,OR,"Deep Creek, NF"
1119,OR,Deschutes
1120,OR,Donner and Blitzen
1121,OR,Eagle Creek
1122,OR,Elk Creek (Rogue)
1123,OR,Elk Creek (Santiam)
1124,OR,Elk Lake Creek
1125,OR,Elkhorn Creek
1126,OR,Emile Creek
1127,OR,Euchre Creek
1128,OR,Fall Creek
1129,OR,Fish Creek
1130,OR,French Creek
1131,OR,Gold Creek
1132,OR,Grande Ronde
1133,OR,Grave Creek
1134,OR,Graves
1135,OR,Henline
1136,OR,Hood
1137,OR,"Hood, E. Fork"
1138,OR,"Hood, Lake Branch"
1139,OR,"Hood, Middle Fork"
1140,OR,"Hood, West Fork"
1141,OR,Illinois
1142,OR,Jackson Creek
1143,OR,John Day
1144,OR,"John Day, N. Fork"
1145,OR,Jordan Creek
1146,OR,Lake Creek
1147,OR,Lake Creek Slides
1148,OR,Layng Creek
1149,OR,Limpy Creek
1150,OR,Little Nestucca
1151,OR,Little River
1152,OR,Little Sandy
1153,OR,Long Tom Hole
1154,OR,Luckiamute
1155,OR,McKenzie
1156,OR,"McKenzie, EF of the SF"
1157,OR,"McKenzie, S. Fork"
1158,OR,Metolius
1159,OR,Molalla
1160,OR,"Molalla, North Fork"
1161,OR,"Molalla, Table Rock Fork"
1162,OR,Nehalem
1163,OR,Nohorn Creek
1164,OR,Opal Creek (Opal Proper)
1165,OR,Owyhee
1166,OR,Pistol
1167,OR,Quartz Creek
1168,OR,Quartzville Creek
1169,OR,Rickreall
1170,OR,Rickreall Creek
1171,OR,Roaring River
1172,OR,Rock Creek (Nehalem)
1173,OR,Rogue
1174,OR,"Rogue, North Fork"
1175,OR,Row
1176,OR,Salmon
1177,OR,Salmonberry
1178,OR,"Salmonberry, North Fork"
1179,OR,Sandy
1180,OR,"Santiam, Little North"
1181,OR,"Santiam, Little North (Classic Opal)"
1182,OR,"Santiam, Little North (Opal Gorge)"
1183,OR,"Santiam, Little North (Upper Opal)"
1184,PA,Anderson Creek
1185,PA,"Antietam Creek, E. Branch"
1186,PA,Babb Creek
1187,PA,Bear Creek
1188,PA,Bear Creek (Allegheny River trib.)
1189,PA,Beaver Creek
1190,PA,Bermudian Creek
1191,PA,Big Cove Creek
1192,PA,Big Run
1193,PA,Big Sandy Creek
1194,PA,Black Creek (and Quakake Creek)
1195,PA,Blacklick Creek
1196,PA,"Blacklick Creek, S. Branch"
1197,PA,Bobs Creek
1198,PA,"Brandywine Creek, E. Branch"
1199,PA,Brodhead Creek
1200,PA,Buck Run
1201,PA,Bull Run
1202,PA,Casselman
1203,PA,Clarion River
1204,PA,Clear Shade Creek
1205,PA,Clearfield Creek
1206,PA,Codorus Creek
1207,PA,Conemaugh
1208,PA,Conewago Creek (East)
1209,PA,Conewago Creek (West)
1210,PA,Connoquenessing Creek
1211,PA,Dark Shade Creek
1212,PA,Daugherty Run
1213,PA,Deer Creek
1214,PA,Drake Run
1215,PA,East Branch Millstone Creek
1216,PA,East Sandy Creek
1217,PA,Elk Creek
1218,PA,French Creek
1219,PA,"French Creek, S. Branch"
1220,PA,Great Trough Creek
1221,PA,Hornbeck's Creek
1222,PA,Indian Creek
1223,PA,Kishacoquillas Creek
1224,PA,Lackawanna
1225,PA,Laurel Hill Creek
1226,PA,Laurel Run
1227,PA,Lehigh
1228,PA,Little Conemaugh
1229,PA,Little Conemaugh (North)
1230,PA,Little Conemaugh (South)
1231,PA,Little Sandy Creek
1232,PA,Loyalhanna Creek
1233,PA,Loyalsock Creek
1234,PA,Mahoning Creek
1235,PA,Meadow Run
1236,PA,Mill Creek (Allegheny R. trib.)
1237,PA,"Mill Creek (French Creek Trib, Venango County"
1238,PA,Muddy Creek
1239,PA,Muddy Creek (Slippery Rock trib)
1240,PA,Muddy Creek (Susquehanna trib)
1241,PA,Nescopeck Creek
1242,PA,Neshannock Creek
1243,PA,Otter Creek
1244,PA,Paint Creek
1245,PA,Pequea Creek
1246,PA,Pine Creek
1247,PA,Pithole Creek
1248,PA,Pringle Run
1249,PA,Quemahoning Creek
1250,PA,Raymondskill Creek
1251,PA,Roaring Creek
1252,PA,Roaring Fork
1253,PA,Schrader Creek
1254,PA,Schuylkill
1255,PA,Shade Creek
1256,PA,Shohola Creek
1257,PA,Slate Run
1258,PA,Slippery Rock Creek
1259,PA,South Poplar Run
1260,PA,Spring Creek
1261,PA,Stonycreek River
1262,PA,Susquehanna River
1263,PA,Tohickon Creek
1264,PA,"Towanda Creek, S. Branch"
1265,PA,Trout Run
1266,PA,Tunkhannock Creek
1267,PA,Twelve Mile Creek
1268,PA,Walnut Creek
1269,PA,Wapwallopen Creek
1270,PA,Whites Creek
1271,PA,Yellow Creek
1272,PA,Youghiogheny
1273,PA,Young Womans Creek
1274,RI,Blackstone
1275,SC,Beaverdam Creek
1276,SC,Broad
1277,SC,Broad Mouth Creek
1278,SC,Cedar Shoals Creek
1279,SC,Congaree
1280,SC,Enoree
1281,SC,Jimmies Creek
1282,SC,Lawsons Fork Creek
1283,SC,Little River
1284,SC,Pacolet
1285,SC,Reedy
1286,SC,Reedy River
1287,SC,Rocky River
1288,SC,Saluda
1289,SC,"Saluda, Middle"
1290,SC,"Saluda, North"
1291,SC,"Saluda, South"
1292,SC,Stevens Creek
1293,SC,Twelvemile Creek
1294,SC,Tyger
1295,SC,"Tyger, Middle"
1296,SC,"Tyger, North"
1297,SC,"Tyger, South"
1298,SC,Warrior Creek
1299,SC,Wilson Creek
1300,SD,Battle Creek
1301,SD,Big Sioux
1302,SD,Rapid Creek
1303,SD,Redwater
1304,SD,Sand Creek
1305,SD,Spearfish Creek
1306,SD,Whitewood Creek
1307,TN,Abrams Creek
1308,TN,Bald River
1309,TN,Beaver Creek
1310,TN,Citico Creek
1311,TN,Clear Creek
1312,TN,Clear Fork
1313,TN,Clear Fork (of the Cumberland)
1314,TN,Coker Creek
1315,TN,Conasauga Creek
1316,TN,Crab Orchard Creek
1317,TN,Crooked Fork Creek
1318,TN,Daddy's Creek
1319,TN,Doublecamp Creek
1320,TN,Duck River
1321,TN,Emory
1322,TN,"Flat Fork, North Prong"
1323,TN,Gee Creek
1324,TN,Hiwassee
1325,TN,Hurricane Creek
1326,TN,Little
1327,TN,Little Clear Creek
1328,TN,"Little Emory, Middle Fork"
1329,TN,Little Hurricane Creek
1330,TN,Little Loss Creek
1331,TN,"Little Pigeon, Middle Prong (The Greenbrier)"
1332,TN,"Little, Middle Prong"
1333,TN,"Little, Middle Prong (Tremont)"
1334,TN,"Little, West Prong"
1335,TN,Lynn Camp Prong
1336,TN,New River
1337,TN,North River
1338,TN,Obed
1339,TN,"Obey, E. Fork"
1340,TN,"Obey, West Fork"
1341,TN,Piney Creek
1342,TN,Spruce Flats Prong
1343,TN,"Stones, W.Fk."
1344,TN,Tellico
1345,TN,Thunderhead Prong
1346,TN,Turkey Creek
1347,TN,Turtletown Creek
1348,TN,White Creek (Morgan County)
1349,TN,White Oak Creek
1350,TN,Wildcat Creek (Tellico Tributary)
1351,TN,Yellow Creek (Cumberland Co.)
1352,TX,Barton Creek
1353,TX,Bear Creek (Williamson Co.)
1354,TX,Beaver Creek
1355,TX,Bee House Creek
1356,TX,Berry Creek
1357,TX,Blanco
1358,TX,Brazos
1359,TX,"Brazos, Clear Fork"
1360,TX,"Brazos, Double Mtn Fk"
1361,TX,"Brazos, Double Mtn Fk, N Fk"
1362,TX,"Brazos, Salt Fork"
1363,TX,Brushy Creek
1364,TX,Bull Creek
1365,TX,Canadian River
1366,TX,Childress Creek
1367,TX,Cibolo Creek
1368,TX,Colorado
1369,TX,Comal
1370,TX,Concho
1371,TX,Cowhouse Creek
1372,TX,Denton Creek
1373,TX,Dry Frio
1374,TX,Duck Creek
1375,TX,Frio
1376,TX,Guadalupe
1377,TX,Hackberry Creek--Nueces River
1378,TX,Hog Creek
1379,TX,Hondo Creek
1380,TX,Independence Creek
1381,TX,Lampasas
1382,TX,Little Blanco
1383,TX,Little Walnut Creek
1384,TX,Llano
1385,TX,Llano River
1386,TX,"Llano, Johnson Fork"
1387,TX,Medina
1388,TX,Meridian Creek
1389,TX,Middle Bosque
1390,TX,Neches
1391,TX,Neils Creek
1392,TX,Nolan
1393,TX,North Bosque
1394,TX,North Grape Creek
1395,TX,Nueces
1396,TX,Onion Creek
1397,TX,Paluxy
1398,TX,Pecos
1399,TX,Pedernales
1400,TX,Rio Grande
1401,TX,Rocky Creek
1402,TX,Rowlett Creek
1403,TX,Sabinal
1404,TX,Salado Creek
1405,TX,"San Gabriel, N. Fork"
1406,TX,"San Gabriel, S. Fork"
1407,TX,San Geronimo Creek
1408,TX,San Marcos
1409,TX,San Saba
1410,TX,Sanderson Creek
1411,TX,Sandy Creek
1412,TX,Seco Creek
1413,TX,Shoal Creek
1414,TX,Spring Creek
1415,TX,Steele Creek
1416,TX,Tonkawa Creek
1417,TX,Trinity
1418,TX,"Trinity, Clear Fork"
1419,TX,"Trinity, West Fork"
1420,TX,Verde Creek
1421,TX,Walnut Creek
1422,TX,"Waxahachie Creek, South Prong"
1423,TX,Whiterock Creek
1424,UT,American Fork
1425,UT,Bear
1426,UT,"Blacks Fork, E. Fork"
1427,UT,"Blacks Fork, W. Fork"
1428,UT,Blacksmith Fork
1429,UT,Chalk Creek
1430,UT,Colorado
1431,UT,Dirty Devil
1432,UT,East Canyon Creek
1433,UT,Escalante
1434,UT,"Ferron Creek, lower"
1435,UT,Green
1436,UT,Jordan
1437,UT,Little Cottonwood Creek
1438,UT,Logan
1439,UT,Muddy Creek
1440,UT,Ogden
1441,UT,"Ogden, South Fork"
1442,UT,Price
1443,UT,Provo
1444,UT,Rock Creek
1445,UT,San Juan
1446,UT,San Rafael
1447,UT,Sixth Water Creek
1448,UT,Spanish Fork
1449,UT,Strawberry
1450,UT,Uinta
1451,UT,Virgin
1452,UT,"Virgin, N. Fork"
1453,UT,Weber
1454,UT,White
1455,UT,Yellowstone
1456,VA,Accotink Creek
1457,VA,Appomattox
1458,VA,Aquia Creek
1459,VA,Back Creek (Jackson trib)
1460,VA,Back Creek (Potomac trib)
1461,VA,Back Creek (Roanoke R. trib)
1462,VA,Back Creek (South R. trib)
1463,VA,Beaverdam Creek
1464,VA,Big Cedar Creek
1465,VA,Big Moccasin Creek
1466,VA,Big Stony Creek
1467,VA,"Big Stony, Mountain Fork"
1468,VA,Briery Branch
1469,VA,Buck Mountain Creek
1470,VA,Bullpasture
1471,VA,Calfpasture
1472,VA,Catoctin Creek
1473,VA,Cedar Creek
1474,VA,Chestnut Creek
1475,VA,Clinch
1476,VA,Conway
1477,VA,Cove Creek
1478,VA,Covington
1479,VA,Cowpasture
1480,VA,Crab Orchard Branch
1481,VA,Craig Creek
1482,VA,Cub Run
1483,VA,Dead Run
1484,VA,Difficult Run
1485,VA,Donaldson Run
1486,VA,Dry
1487,VA,Dunlap Creek
1488,VA,Elk Creek
1489,VA,Four Mile Run
1490,VA,Goose Creek
1491,VA,Green Cove Creek
1492,VA,Guest
1493,VA,Hardware
1494,VA,"Hardware, N. Fork"
1495,VA,"Hardware, S. Fork"
1496,VA,"Holston, South Fork"
1497,VA,Hughes and Hazel
1498,VA,Jackson
1499,VA,James
1500,VA,Jasper Creek
1501,VA,Jennings Branch
1502,VA,Johns Creek
1503,VA,Little (Clinch R. trib)
1504,VA,Little (North R. trib)
1505,VA,Little River (New R. trib)
1506,VA,Little River (North Anna trib)
1507,VA,Little Stony Creek
1508,VA,Lost
1509,VA,Lynch
1510,VA,Maury
1511,VA,Middle
1512,VA,Mill Creek (Shenandoah trib)
1513,VA,Moormans
1514,VA,"Moormans, South Fork"
1515,VA,New
1516,VA,Newfound
1517,VA,North
1518,VA,North Anna
1519,VA,Nottoway
1520,VA,Passage Creek
1521,VA,Pedlar
1522,VA,Pimmit Run
1523,VA,Piney River
1524,VA,"Piney, North Fork"
1525,VA,Pohick Creek
1526,VA,"Potomac, Laurel Fork of North Fork of South Branch"
1527,VA,"Potomac, S. Branch"
1528,VA,"Potomac, S. Fk. of the S. Br."
1529,VA,"Potomac, S.Fk. of the S.Br."
1530,VA,"Potomac, South Branch"
1531,VA,Potts Creek
1532,VA,Pound
1533,VA,Powell
1534,VA,"Powell, South Fork"
1535,VA,Quantico Creek
1536,VA,"Quantico Creek, S. Branch"
1537,VA,Rapidan
1538,VA,Rappahannock
1539,VA,Reed Creek
1540,VA,Rivanna
1541,VA,"Rivanna, North Fork"
1542,VA,Roach
1543,VA,Roanoke
1544,VA,"Roanoke, South Fork"
1545,VA,Robinson
1546,VA,Rose
1547,VA,Rush
1548,VA,Saint Mary's
1549,VA,Scott Run
1550,VA,Shenandoah
1551,VA,"Shenandoah, N. Fork"
1552,VA,"Shenandoah, S. Fork"
1553,VA,Sleepy Creek
1554,VA,Smith
1555,VA,South (Rapidan trib)
1556,VA,South (Shenandoah tributary)
1557,VA,South Anna
1558,VA,Spout Run
1559,VA,Staton's Creek
1560,VA,Staunton
1561,VA,Stock Creek
1562,VA,Stoney Creek
1563,VA,Stony Creek (NF Shenandoah trib)
1564,VA,Tennessee Laurel Creek
1565,VA,Thornton
1566,VA,Tumbling Creek
1567,VA,Tye
1568,VA,"Tye, North Fork"
1569,VA,"Tye, South Fork"
1570,VA,"Tye, Upper North Fork"
1571,VA,Walker Creek
1572,VA,White Oak Run
1573,VA,Whitetop Laurel Creek
1574,VA,Windy Run
1575,VA,Wolf Creek
1576,VT,Black
1577,VT,Browns
1578,VT,Clyde
1579,VT,Gihon
1580,VT,Lamoille
1581,VT,"Lamoille, North Branch"
1582,VT,Little
1583,VT,Mad
1584,VT,Missisquoi
1585,VT,Moose
1586,VT,New Haven
1587,VT,Ottauquechee
1588,VT,Otter Creek
1589,VT,Passumpsic E Br
1590,VT,Poultney
1591,VT,Sterling Brook
1592,VT,Wells
1593,VT,West
1594,VT,White
1595,VT,Winooski
1596,WA,American
1597,WA,Bacon Creek
1598,WA,Baker Creek
1599,WA,Baker River
1600,WA,Big Quilcene
1601,WA,Bogachiel
1602,WA,Bridge Creek (Stehekin River)
1603,WA,Bumping
1604,WA,Calawah
1605,WA,"Calawah, S. Fork"
1606,WA,Canyon Creek (Lewis River trib.)
1607,WA,Canyon Creek (S.F. Still. trib)
1608,WA,Carbon
1609,WA,Cascade
1610,WA,Cedar River
1611,WA,Chehalis
1612,WA,"Chehalis, W. Fork"
1613,WA,Chewuch
1614,WA,Chiwawa
1615,WA,Cispus
1616,WA,Clearwater (MF Nooksack trib.)
1617,WA,Copper Creek
1618,WA,Cowlitz
1619,WA,"Cowlitz, Clear Fork"
1620,WA,Deer Creek
1621,WA,Deschutes
1622,WA,Dosewallips
1623,WA,Duckabush
1624,WA,Dungeness
1625,WA,Duwamish
1626,WA,Elwha
1627,WA,Entiat
1628,WA,Granite Creek
1629,WA,Grays River
1630,WA,Green
1631,WA,Greenwater
1632,WA,Hangman (Latah) Creek
1633,WA,Hoh
1634,WA,Hoko
1635,WA,"Humptulips, E. Fork"
1636,WA,"Humptulips, W. Fork"
1637,WA,Jefferson Creek
1638,WA,Kettle
1639,WA,Klickitat
1640,WA,"Lewis, E. Fork"
1641,WA,"Lewis, N. Fork"
1642,WA,Little Klickitat
1643,WA,Little Wenatchee
1644,WA,Mad
1645,WA,Mashel
1646,WA,Matheny Creek
1647,WA,McCoy Creek
1648,WA,Methow
1649,WA,Muddy
1650,WA,Nisqually
1651,WA,"Nooksack, Middle Fork"
1652,WA,"Nooksack, N. Fork"
1653,WA,Ohanapecosh
1654,WA,Palouse River
1655,WA,Pilchuck River
1656,WA,Puyallup
1657,WA,Queets
1658,WA,Quinault
1659,WA,Raging
1660,WA,"Satsop, Middle Fork"
1661,WA,Sauk
1662,WA,"Sauk, N. Fork"
1663,WA,Similkameen
1664,WI,Amnicon
1665,WI,Bad
1666,WI,Badfish
1667,WI,Baird Creek
1668,WI,Baraboo
1669,WI,Beaver Dam
1670,WI,Big Rib
1671,WI,Black (Clark Co.)
1672,WI,Black (Jackson Co.)
1673,WI,Black Creek
1674,WI,Bower Creek
1675,WI,Cedar Creek
1676,WI,Chippewa
1677,WI,"Chippewa, E.Fk."
1678,WI,Copper
1679,WI,Crystal
1680,WI,Devils
1681,WI,Eau Claire (Wisconsin R. trib)
1682,WI,Embarrass
1683,WI,Fox
1684,WI,Fox (Illinois R. trib.)
1685,WI,Greenleaf Creek
1686,WI,Halls (Stockwell) Creek
1687,WI,Honey Creek
1688,WI,Jump
1689,WI,"Jump, S.Fk."
1690,WI,Kinnickinnic (Milwaukee trib)
1691,WI,Kinnickinnic (St.Croix trib)
1692,WI,"Kinnickinnic (St.Croix trib), S.Fk."
1693,WI,Little Eau Pleine
1694,WI,Little Platte
1695,WI,Little Suamico
1696,WI,Little Wolf
1697,WI,Long Lake Branch
1698,WI,Manitowoc
1699,WI,Menomonee
1700,WI,Milwaukee
1701,WI,"Montreal, W.Fk."
1702,WI,Morrison Creek
1703,WI,Mullet
1704,WI,Namekagon
1705,WI,New Wood
1706,WI,North Fish Creek
1707,WI,Oak Creek
1708,WI,"Pemebonwon, N.Br."
1709,WI,"Pemebonwon, S.Br."
1710,WI,Peshtigo
1711,WI,Pigeon Creek
1712,WI,Pike
1713,WI,Pike (Kenosha Co.)
1714,WI,Pine
1715,WI,Pine (Lincoln Co.)
1716,WI,Popple
1717,WI,"Popple, Little"
1718,WI,Prairie
1719,WI,Red Cedar
1720,WI,"Red, W.Br."
1721,WV,Beaver Creek
1722,WV,Big Beaver Creek
1723,WV,Big Coal River
1724,WV,"Big Coal River, Clear Fork"
1725,WV,"Big Coal River, Marsh Fork"
1726,WV,Big Creek
1727,WV,Big Run
1728,WV,"Big Sandy River, Tug Fork"
1729,WV,Birch
1730,WV,Blackwater
1731,WV,"Blackwater, North Fork"
1732,WV,Bluestone
1733,WV,Brush Creek
1734,WV,Brushy Meadow Creek
1735,WV,Buckhannon
1736,WV,"Buckhannon, Left Fork"
1737,WV,"Buckhannon, Left Fork of the Right Fork"
1738,WV,"Buckhannon, Right Fork"
1739,WV,Buffalo Creek (Cheat trib)
1740,WV,Buffalo Creek (Elk trib)
1741,WV,Cacapon
1742,WV,Camp Creek
1743,WV,Cheat
1744,WV,"Cheat, Black Fork"
1745,WV,"Cheat, Dry Fork"
1746,WV,"Cheat, Glady Fork"
1747,WV,"Cheat, Laurel Fork"
1748,WV,"Cheat, Shavers Fork"
1749,WV,Cherry
1750,WV,"Cherry, N. Fork"
1751,WV,"Cherry, S. Fork"
1752,WV,Cranberry
1753,WV,Deckers Creek
1754,WV,Deer Creek
1755,WV,Elk Creek
1756,WV,Elk River
1757,WV,"Elk River, Back Fork"
1758,WV,"Elk River, Old Field Fork"
1759,WV,Fall Branch
1760,WV,Fields Creek
1761,WV,Gandy Creek
1762,WV,Gauley
1763,WV,Grassy Creek
1764,WV,Green's Run
1765,WV,Greenbrier River
1766,WV,"Greenbrier River, East Fork"
1767,WV,"Greenbrier River, West Fork"
1768,WV,Guyandotte River
1769,WV,"Holly River, Laurel Fork of Left Fork"
1770,WV,"Holly River, Left Fork"
1771,WV,"Holly River, Right Fork"
1772,WV,Horseshoe Run
1773,WV,Jordan Run
1774,WV,Kanawha River
1775,WV,Laurel Creek (Cherry trib)
1776,WV,Laurel Creek (Elk River tributary)
1777,WV,Laurel Creek (New River tributary)
1778,WV,Laurel Run
1779,WV,Leatherwood Creek (Clay County)
1780,WV,Leatherwood Creek (Webster County)
1781,WV,Lick Creek
1782,WV,Little Birch River
1783,WV,Little Bluestone River & Tributaries
1784,WV,"Little Coal River, Pond Fork"
1785,WV,Little Coal River. Pond Fork
1786,WV,Little Kanawha River
1787,WV,"Little Kanawha River, Right Fork"
1788,WV,Little Laurel Creek
1789,WV,Little River
1790,WV,Little Wolf Creek
1791,WV,Lunice Creek
1792,WV,"Lunice Creek, North Fork"
1793,WV,Madams Creek
1794,WV,Meadow
1795,WV,Meadow Creek
1796,WV,Middle Fork
1797,WV,Moore Run
1798,WV,Mountain Creek
1799,WV,Muddlety Creek
1800,WV,New
1801,WV,North River
1802,WV,Otter Creek
1803,WV,Paint Creek
1804,WV,Panther Creek
1805,WV,"Patterson Creek, North Fork"
1806,WV,Peachtree Creek
1807,WV,Peters Creek
1808,WV,Pinch Creek
1809,WV,Piney Creek
1810,WV,Pipestem Creek
1811,WV,"Potomac, Brushy Fork of the S. Fk. of the S. Br."
1812,WV,"Potomac, North Fork of South Branch"
1813,WV,"Potomac, S. Branch"
1814,WV,"Potomac, S.Fk. of the S.Br."
1815,WV,Red Creek
1816,WV,Red Run
1817,WV,Saltlick Creek
1818,WV,Sand Run
1819,WV,Sandlick Creek
1820,WV,Seneca Cree
1821,WV,Shenandoah
1822,WY,Bear
1823,WY,Bull Lake Creek
1824,WY,Douglas Creek
1825,WY,Encampment
1826,WY,Green
1827,WY,Greys
1828,WY,Gros Ventre
1829,WY,Libby Creek
1830,WY,Medicine Bow River
1831,WY,Middle Fork Little Laramie
1832,WY,Middle Popo Agie
1833,WY,North Fork Encampment
1834,WY,North Fork Little Laramie
1835,WY,North French Creek
1836,WY,North Mullens Creek
1837,WY,North Platte
1838,WY,"Powder, North Fork"
1839,WY,Rock Creek
1840,WY,Shell Creek
1841,WY,"Shoshone, North Fork"
1842,WY,"Shoshone, South Fork"
1843,WY,Snake
1844,WY,Sweetwater
1845,WY,Tensleep Creek
1846,WY,Tongue
1847,WY,Wind
1848,WY,Yellowstone
