UsgsGaugeId,RiverSection
15290000,Archangel Creek
15271000,Canyon Creek
15200280,Gulkana
15258000,Kenai
15290000,Little Susitna
15284000,Matanuska
15052500,Mendenhall
15283700,Moose Creek
15290000,Reeds Creek
15276000,Ship Creek
15271000,Sixmile (& E. Fork Sixmile)
15024800,Stikine
15292000,Susitna
15292700,Talkeetna
15294005,Willow Creek
15236900,Wolverine Creek
02399200,Bear Creek (Dekalb Co.)
02399200,Black
02453000,Blackwater Creek
02423380,Cahaba
02341460,Chattahoochee
02338523,Cheaha Creek
02399200,Chinquapin Creek
02404400,Choccolocco Creek
02411600,Coosa
02399200,Cotaco Creek
02455000,Graves Creek
02455980,Gurley Creek
02408540,Hatchet Creek
02399200,Hicks Creek
02455000,Hog Creek
02450250,Hubbard Creek
02399200,Johnnies Creek
02342500,Little Uchee
02399200,"Little, E. Fork"
02399200,"Little, W. Fork"
02399200,Little
02404400,Salt Creek
02450250,Sipsey Fork
02408540,Socapatoy Creek
02418230,Sougahatchee Creek
03572690,South Sauty Creek
02406500,Talladega Creek
02419500,Tallapoosa
03574500,Turkey Creek
02408540,Walnut Creek
02455185,"Warrior, Blackburn Fork"
02455000,"Warrior, Locust Fork"
02399200,Wolf Creek (LRC Tributary)
02399200,Wolf Creek (Weiss Lake Tributary)
02399200,Yellow Creek
07340300,Baker Creek
07055875,Bear Creek (Big Piney trib)
07263000,Bear Creek (South Fourche trib)
07074000,Big Creek
07055875,Big Devil's Fork
07257006,Big Piney Creek
07249800,Blackburn Creek
07360200,Blaylock Creek
07360200,Blocker Creek
07055875,Bobtail Creek
07055646,Boen Gulf Branch
07055875,Boss Hollow
07340300,Brushy Creek
07055646,Buffalo
07055660,Buffalo
07055680,Buffalo
07056000,Buffalo
07056700,Buffalo
07359610,Caddo
07261000,"Cadron Creek, East Fork"
07261000,"Cadron Creek, Middle Fork"
07261000,Cadron Creek
07251500,Cedar Creek (Crawford Co.)
07251500,"Cedar Creek, E. Fork (Crawford Co.)"
07251500,"Cedar Creek, W. Fork (Crawford Co.)"
07055646,Clark Creek
07251500,Clear Creek
07340300,Cossatot
07340500,Cossatot
07261000,Cove Creek (Faulkner Co.)
07360200,Crooked Creek (Montgomery Co.)
07055875,Dry Creek (Richland)
07249800,Fall Creek
07055875,Falling Water Creek
07055875,Falls Branch
07356000,Fiddlers Creek
07251500,Frog Bayou
07257006,Graves Creek
07340300,Harris Creek
07249800,Hart Creek
07261000,Hogan's Creek
07252000,Hurricane Creek (Franklin County)
07055875,Hurricane Creek (Newton & Pope Co.)
07257500,"Illinois Bayou, E. Fork"
07257500,"Illinois Bayou, Middle Fork"
07257500,"Illinois Bayou, N. Fork"
07257500,Illinois Bayou
07195430,Illinois
07257006,Indian Creek
07260000,Jack Creek
07050500,Kings
07249800,Lee Creek
07055875,Left Hand Prong
07360200,Little Missouri
07257200,Little Piney Creek
07075300,"Little Red, Archey's Fork"
07075000,"Little Red, Middle Fork"
07075300,"Little Red, South Fork"
07055875,Long Devil's Fork
07075000,Meadow Creek
07340300,Moore Creek
07252000,Mulberry
07060710,North Sylamore Creek
07340300,Opossum Creek
07356000,Ouachita
07359002,Ouachita
07055875,Richland Creek
07263580,Rock Creek
07075000,Salado Creek
07341000,Saline (Howard County)
07360200,Saline (Howard County)
07362587,"Saline, Alum Fork"
07363000,"Saline, North Fork"
07263000,South Fourche LaFave
07252000,Spirits Creek
07069500,Spring
07074000,Strawberry
07260000,Sugar Creek
07055875,Sulphur Creek
07263000,Trace Creek
07049000,War Eagle Creek
07048600,"White, Middle Fork"
07048550,"White, West Fork"
07048600,White
09426000,Bill Williams
09489500,"Black, E. Fork"
09444200,Blue
09397500,Chevelon Creek
09499000,Christopher Creek
09404200,Colorado
09421500,Colorado
09447000,Eagle Creek
09507980,East Verde
09507980,Ellison Creek
09507480,Fossil Creek
09432000,Gila
09474000,Gila
09384000,Little Colorado
09402000,Little Colorado
09504420,Oak Creek
09497980,Salome Creek
09497500,Salt
09502000,Salt
09444500,San Francisco
09510200,Sycamore Creek
09499000,Tonto Creek
09504000,Verde
09506000,Verde
09508500,Verde
09510000,Verde
09413500,Virgin
09505200,Wet Beaver Creek
09447800,"White River, East Fork"
11179000,Alameda Creek
11427000,"American, N. Fork"
11446500,American
11383500,Antelope Creek
11173200,Arroyo Hondo
11173200,Arroyo Mocho
11151870,Arroyo Seco
11152000,Arroyo Seco
11176400,Arroyo Valle
11376550,Battle Creek
11451715,Bear Creek
11463170,Big Sulphur Creek
11143000,Big Sur
11203580,Brush Creek
11390000,Butte Creek
11451000,Cache Creek
11143200,Carmel
10308200,"Carson, E. Fork"
11278000,Cherry Creek
11372000,Clear Creek (Sacramento trib.)
11335000,Cosumnes
11522500,Crapo Creek
11136800,Cuyama
11383500,Deer Creek
11203580,Dry Meadow Creek
11473900,"Eel, Middle Fork"
11475800,"Eel, S. Fork"
11475000,Eel
11477000,Eel
11379500,Elder Creek
11532500,Goose Creek
11521500,Indian Creek (Klamath trib)
11189500,"Kern, S. Fork"
11510700,Klamath
11516530,Klamath
11520500,Klamath
11523000,Klamath
11530500,Klamath
11463170,Little Sulphur Creek
11023340,Los Penasquitos Creek
11468900,Mattole
11264500,Merced
11266500,Merced
11458000,Napa
11468000,Navarro
10254970,New
11468500,Noyo
11109600,Piru Creek
11109800,Piru Creek
11355010,Pit
11453500,Putah Creek
11454000,Putah Creek
11481500,Redwood Creek
11482500,Redwood Creek
11463000,Russian
09358000,Animas
09359020,Animas
09359500,Animas
09361500,Animas
07087050,Arkansas
07091200,Arkansas
07094500,Arkansas
07099970,Arkansas
09046490,Blue
09050700,Blue
09057500,Blue
06751490,"Cache La Poudre, North Fork"
09126000,Cimarron
06716100,"Clear Creek, West Fork"
06715000,Clear Creek
06716500,Clear Creek
06719505,Clear Creek
09034250,Colorado
09058000,Colorado
09060799,Colorado
09070500,Colorado
09085100,Colorado
09095500,Colorado
09163500,Colorado
09065100,Cross Creek
09081600,"Crystal, South Fork"
09081600,Crystal
385106106571000,Daisy Creek
09165000,Dolores
09168730,Dolores
09171100,Dolores
09180000,Dolores
09063000,Eagle
09064600,Eagle
09070000,Eagle
09112200,East
09242500,Elk River
09238900,Fish Creek
09027100,Fraser
09080400,Fryingpan
09066325,Gore Creek
09234500,Green
09261000,Green
09132500,"Gunnison, North Fork"
09114500,Gunnison
09128000,Gunnison
09144250,Gunnison
09064000,Homestake Creek
06746110,Joe Wright Creek
09124500,Lake Fork Gunnison
09359010,Mineral Creek
06620000,North Platte
385106106571000,Oh Be Joyful Creek
09349800,Piedra
09059500,Piney
09105000,Plateau Creek
07126485,Purgatoire
09073300,Roaring Fork
09073400,Roaring Fork
09085000,Roaring Fork
09342500,San Juan
09172500,San Miguel
09174600,San Miguel
09177000,San Miguel
385106106571000,Slate
09047500,Snake River
06700000,South Platte
06710247,South Platte
06721000,South Platte
09110000,Taylor River Canyon
09050100,Tenmile Creek
09146020,Uncompahgre River
09146200,Uncompahgre River
09147500,Uncompahgre River
09352900,Vallecito Creek
09306290,White
09037500,Williams Fork
06716100,Woods Creek
09239500,Yampa
09244490,Yampa
09247600,Yampa
09251000,Yampa
09260050,Yampa
01185500,Center Brook
01208990,Far Mill River
01186000,"Farmington, W. Branch"
01186000,Farmington
01188090,Farmington
01189995,Farmington
01199000,Housatonic
01200500,Housatonic
01120790,Natchaug
01208500,Naugatuck
01209700,Norwalk
01125500,Quinebaug
01193500,Roaring Brook
01193500,Salmon
01187300,Sandy Brook
01202501,Shepaug
01186500,Still
01200000,Tenmile
01119500,Willimantic River
01481000,Brandywine Creek
01479820,Red Clay Creek
02317620,Alapahoochee (Grand Bay Canal)
02304500,Hillsborough
02315500,Suwannee
02208050,Alcovy
02208450,Alcovy
03568933,Allen Creek
02390000,Amicalola Creek
02337000,Annewakee
02219000,Apalachee
02196485,Augusta Canal Overflow
03568933,Bear Creek
02335757,Big Creek
02221525,Big Sandy Creek
02333500,Blood Mountain Creek
02333500,Boggs Creek
02192000,"Broad, South Fork"
02191300,Broad
02379500,Cartecay
02330450,Chattahoochee
02331000,Chattahoochee
02331600,Chattahoochee
02334430,Chattahoochee
02336000,Chattahoochee
02336490,Chattahoochee
02177000,"Chattooga, West Fork"
02176930,Chattooga
02177000,Chattooga
02333500,Chestatee
02381600,Clear Creek
02178400,Coleman
02385800,Conasauga
02397000,Coosa
02380500,Coosawattee
02333500,Dicks Creek
02337410,Dog
02388975,Etowah
02389150,Etowah
02334620,Flat Creek
02347500,Flint
02333500,Frogtown Creek
03568933,Gulf Creek
02331600,Hazel Creek
02385800,Holly Creek
02217770,Hudson
02337500,Hurricane Creek
02344605,Line Creek
02220900,Little 2 (Putnam County)
02220900,Little 3 (Putnam County)
02221525,Little Towaliga
02334620,"Little, E.Fk."
02392780,Little
02335870,Marsh Creek
02191300,Mill Shoal Creek
02337000,Mobley Creek
02178400,Moccasin Creek
02331600,Mossy Creek
02331600,Mud Creek
02221525,Murder Creek
02191300,Nancy Town
02336635,Nickajack Creek
02217770,North Oconee
02210500,Ocmulgee
02212735,Ocmulgee
02213000,Ocmulgee
02223000,Oconee
02200120,Ogeechee
02176930,Overflow Creek
02346310,Potato Creek
02335910,Rottenwood Creek
02197000,Savannah
23358685,Sewell Mill Creek
02191300,Skull Shoal Creek
02337500,Snake
02335870,Sope Creek
02204070,South
02177000,Stekoa Creek
02337000,Sweetwater Creek
02382200,Talking Rock Creek
02178400,Tallulah
02181580,Tallulah
02337000,Tanyard Branch
02333500,Tesnatee Creek
02178400,Tiger Creek
02177000,Warwoman Creek
02337500,Whooping Creek
02178400,Wildcat Creek
02337500,Wolf Creek
02333500,Yahoola Creek
02207120,Yellow
02207335,Yellow
16103000,Hanalei
16019000,Koaie Stream
16501200,Ohe'o Gulch
16717000,Wailuku River (Hilo Run)
16108000,Waimea
05481000,Boone
05457700,Cedar
05464000,Cedar
05464500,Cedar
05480500,Des Moines
05480500,"Lizard Creek, S.Br."
05416900,Maquoketa
05470500,Onion Creek
05482500,Raccoon
05484650,Raccoon
05470000,South Skunk
05411600,Turkey
05412020,Turkey
05484800,Walnut Creek
05487980,White Breast Creek
05459500,Winnebago
10092700,Bear
13341570,Big Bear
12414500,Big Creek (Tributary of St. Joe River)
13055000,Bitch Creek
13185000,"Boise, N. Fork"
13190500,"Boise, S. Fork"
13185000,Boise
13206000,Boise
12304500,Boulder Creek
12321500,Boundary Creek
13168500,"Bruneau, W. Fork"
13168500,Bruneau
13340600,"Clearwater, N. Fork"
13338500,"Clearwater, S. Fork"
12411000,"Coeur d'Alene, Big North Fork"
12413000,"Coeur d'Alene, Little North Fork"
12411000,"Coeur d'Alene, North Fork"
12413000,"Coeur d'Alene, North Fork"
12413131,"Coeur d'Alene, South Fork"
12413000,Coeur d'Alene
13236500,Deadwood
13047500,Falls
13337000,Fish Creek
13042500,Henrys Fork
13046000,Henrys Fork
13168500,Jarbidge
13313000,Johnson Creek
12321500,Lion Creek
13341570,Little Potlatch River
13316500,Little Salmon
13337000,Lochsa
13339500,Lolo Creek
13152500,Malad (aka Big Wood)
13200000,Mores Creek
12306500,Moyie
13176400,Owyhee
12392300,Pack
13237920,"Payette, Middle Fork"
13239000,"Payette, N. Fork"
13246000,"Payette, N. Fork"
13235000,"Payette, S. Fork"
13247500,Payette
13073000,Portneuf
13341570,Potlatch
12395000,Priest
13313000,"Salmon, E. Fork of S. Fork"
13309220,"Salmon, Middle Fork"
13310700,"Salmon, S. Fork"
13296000,"Salmon, Yankee Fork"
13296500,Salmon
13302500,Salmon
13317000,Salmon
13310700,Secesh
13336500,Selway
12321500,Smith Creek
13087995,Snake
13290450,Snake
12422500,Spokane
12413875,St. Joe
12414500,St. Joe
12414900,St. Maries
13052200,Teton
13266000,Weiser
05555300,Bailey Creek
03384450,Bear Branch
05495500,Bear Creek
05551700,Blackberry Creek
05495500,Cedar Creek (Adams Co.)
05555300,Covel Creek
05529000,Des Plaines
05532500,Des Plaines
05540500,DuPage
05551200,Ferson Creek
05551540,Fox (Illinois R. trib.)
05551580,Fox (Illinois R. trib.)
05539000,Hickory Creek
05438030,"Kent Creek, S.Fk."
05556500,Little Vermilion
03384450,Lusk Creek
07010000,Mississippi
05435500,Pecatonica
05576500,Sangamon
05551330,Somonauk Creek
05556500,Spring Creek
05550300,Tyler Creek
05555300,Vermilion
05551330,Waubonsie Creek
33356848,Big Pine Creek
03303000,Blue
03363500,Flatrock
03340800,Indian Creek
03358000,Mill Creek
33356848,Mud Pine Creek
03294500,Ohio
03333450,Pipe Creek
03340800,Rattlesnake Creek
03339500,Sugar Creek
03323500,Wabash
03353800,White Lick Creek
03373500,"White, East Fork"
03275600,"Whitewater, E.Fk."
03276000,"Whitewater, E.Fk."
03276500,Whitewater
07169800,Elk
06892350,Kansas River
03254550,Banklick Creek
03314500,Barren River
03301000,Beech Fork
03406500,Buck Creek
03404900,Cane Creek
03298250,Cane Run Creek
03298250,Cedar Creek (Floyds Fork trib.)
03400500,Cloverlick Creek
03410210,"Cumberland, Big South Fork"
03401000,"Cumberland, Clover Fork"
03401000,"Cumberland, Martins Fork"
03400500,"Cumberland, Poor Fork"
03404000,Cumberland
03289500,Elkhorn Creek
03297900,Floyds Fork of the Salt River
03298000,Floyds Fork of the Salt River
03400500,Fugitt Creek
03289500,Glenn's Creek
03277075,Gunpowder Creek
03292470,Harrods Creek
03281000,"Kentucky, Middle Fork"
03281500,"Kentucky, South Fork"
03282500,Red
03410210,Roaring Paunch
03410210,Rock Creek (Cumberland trib)
03406500,Rockcastle
03298500,Salt
03406500,Sinking Creek
08025360,Sabine River
08025500,Toro Bayou
01097000,Assabet
01103500,Charles
01104500,Charles
01099500,Concord
01170500,Connecticut
01171500,Dead Branch of the Westfield River
01168500,Deerfield
01170000,Deerfield
01185500,"Farmington, W. Branch"
01170100,Green
01332500,Hoosic
01187300,Hubbard
01096000,Locke Brook
01163500,Millers
01166500,Millers
01105583,Monatiquot
01169000,North
01095375,Quinapoxet
01173500,Ware
01180500,"Westfield, Middle Branch"
01179500,"Westfield, N. Branch"
01181000,"Westfield, W. Branch"
01650500,"Anacostia, Northwest Branch"
01619500,Antietam Creek
03076600,Bear Creek
01619500,Beaver Creek
01643500,Bennett Creek
01495000,Big Elk Creek
01580000,Broad Creek
01648000,Cabin John Creek
03078000,"Casselman, N. Branch"
03078000,Casselman
01637500,Catoctin Creek
01578475,Conowingo Creek
01596500,Crabtree Creek
01580000,Deer Creek
01609000,Evitts Creek
01610155,Fifteen Mile Creek
01609000,Flintstone Creek
01599000,Georges Creek
01581920,Gunpowder Falls
01581960,Gunpowder Falls
01589300,Gwynns Falls
01585230,Herring Run
01637500,Hunting Creek
01601000,Jennings Run
01595500,Laurel Run
01582000,Little Falls
01581700,Little Gunpowder Falls
01594000,Little Patuxent
01645000,Little Seneca Creek
01584050,Long Green Creek
01639000,Middle Creek (Toms Creek trib.)
01594000,Middle Patuxent
01637500,Middle creek
03075905,Mill Run
03075905,Muddy Creek
01495000,Northeast Creek
01578475,Octoraro Creek
01637500,Owens Creek
01589000,"Patapsco, S. Branch"
01589000,Patapsco
01586210,Piney Run
01595500,"Potomac, North Branch"
01595800,"Potomac, North Branch"
01598500,"Potomac, North Branch"
01613000,Potomac
01646500,Potomac
01648000,Rock Creek
01596500,Savage
01597500,Savage
01645000,Seneca Creek
01610155,Sideling Hill Creek
01609000,Town Creek
01601000,Wills Creek
01581700,Winters Run
03075500,Youghiogheny
03075905,Youghiogheny
03076500,Youghiogheny
01011000,Allagash
01059000,Androscoggin
01017000,Aroostook
01010070,Big Black
01054200,Bull Branch (of the Sunday River)
01047000,Carrabasset
01049500,Cobbosseecontee Stream
01043500,Dead
01037380,Ducktrap
01054200,Goose Eye Brook
01019000,Grand Lake Stream
01037000,Kenduskeag Stream
01042500,Kennebec
01031450,Kingsbury Stream
01057000,Little Androscoggin
01047200,Long Pond Stream
02142900,Machias
01030500,Mattawamkeag
01069500,Mousam
01022500,Narraguagus
01021480,Old Stream
01066000,Ossipee
01029500,"Penobscot, E. Branch"
01031300,Piscataquis River
01031300,"Piscataquis, E. Branch"
01034000,Piscataquis
01064118,Presumpscot
01066000,Saco
01047000,Sandy Stream
01047200,Sandy
01048000,Sandy
01029200,Seboeis
01038000,Sheepscot
01044550,Spencer Stream
01018500,St. Croix
01011500,St. Francis
01014000,St. John
01034500,Stillwater
01055000,Swift
01054200,Wild
04044724,Au Train
04127800,Bear
04031000,Black
04126970,Boardman
04060993,Brule
04063000,Brule
04057800,Carp (Marquette)
04154000,Chippewa
04044599,Chocolay
04161000,Clinton
04044003,Dead
04043050,Eagle
04057800,"Escanaba, E.Br."
04058100,"Escanaba, M.Br."
04059000,Escanaba
04043097,Falls
04059500,Ford
04119000,Grand
04040260,Gratiot
04174500,Huron (Washtenaw)
04060500,Iron
04031000,Little Carp (Porkies)
04065106,Menominee
04066003,Menominee
04058100,Michigamme
04173500,Mill Creek
04037500,"Ontonagon, Cisco Br."
04033000,"Ontonagon, M.Br."
04036000,"Ontonagon, W.Br."
04040000,Ontonagon
04040500,"Otter, W.Br."
04161540,Paint Creek
04062000,Paint
04043016,Pilgrim
04125460,Pine
04127917,Pine
04031000,Presque Isle
04032000,Presque Isle
04112500,Red Cedar
04040500,Rock
04118500,Rogue
04043238,Salmon Trout
04031000,Sand Island Creek
04043150,Silver
04043150,Slate
04040500,Sturgeon (Baraga)
04127997,Sturgeon (Cheboygan)
04065650,Sturgeon (Dickinson)
04040500,"Sturgeon, W.Br. (Houghton)"
04045500,Tahquamenon
04040500,Tioga
05316500,Beaver Creek
05132000,Big Fork
04015330,Big Sucker Creek
05355200,Cannon
05313500,Hawk Creek
05336700,Kettle
04015330,Knife
04015330,Lester
05131500,Little Fork
05336700,Lower Tamarack
05270700,Mississippi
04010500,Pigeon
05315000,Redwood
05316500,Redwood
05345000,Sand Creek
05270500,Sauk
05338500,Snake
05333500,St. Croix
05340500,St. Croix
04015438,St. Louis
04024000,St. Louis
05129115,Vermilion
05345000,Vermillion (Hastings)
05063398,"Wild Rice, S.Br."
05313500,Yellow Medicine
07037300,Big Creek
07061270,"Black, East Fork"
06893080,Blue
07035000,Castor
07061270,Crane Pond Creek
07071500,Eleven Point
07052820,Flat Creek
07061270,Little Rock Creek
07035000,Little St. Francis
07061270,Lower Rock Creek
06935965,Missouri
07035000,Mud Creek
07057500,North Fork (White River)
05501000,North
07035000,Pickle Creek
05500000,South Fabius
07035000,Stouts Creek
07061270,Stouts Creek
07035000,Turkey Creek
02475500,Chunky
02472850,Okatoma Creek
06016000,Beaverhead
06026210,Big Hole
12335100,Blackfoot
12340000,Blackfoot
06033000,Boulder (Jefferson R. tributary)
06200000,"Boulder, West"
06200000,Boulder
12353000,Clark Fork
12354500,Clark Fork
06207500,Clarks Fork Yellowstone
06073500,Dearborn
12377150,Elk Creek (Swan Trib)
06073500,Falls Creek (Dearborn Trib)
12390700,Fish Creek
12358500,"Flathead, Middle Fork"
12355500,"Flathead, North Fork"
12359800,"Flathead, South Fork"
12330000,Flint Creek
06043500,Gallatin
06114700,Judith
12344000,Kootenai Creek
12301933,Kootenai
06038500,Madison
06041000,Madison
12390700,Prospect Creek
06209500,Rock Creek (Carbon County)
12334510,Rock Creek (Missoula County)
06204070,"Rosebud Creek, West"
06077200,Smith
06205000,Stillwater
12377150,Swan River
12370000,Swan
06102500,Teton River (North Fork)
06102500,"Teton River, North Fork"
12389500,Thompson River
12390700,Trout Creek
06091700,"Two Medicine, South Fork"
06091700,Two Medicine
12304500,Yaak
06191500,Yellowstone
06214500,Yellowstone
03550000,Alarka Creek
02113850,Ararat
02068500,Big Creek (Stokes Co.)
03512000,Big Creek
03453000,Big Laurel Creek
03479000,Boone Fork
02151500,Broad
03453000,Brush Creek
02102192,Buckhorn Creek
209553650,Buffalo Creek (Guilford Co.)
02111180,Buffalo Creek
02102500,Cape Fear
03500240,Cartoogechaye
03460000,Cataloochee Creek
02137727,Catawba
02138520,Catawba
351706800,Cheoah
208726005,Crabtree Creek (Umstead State Park)
02068500,Dan
02071000,Dan
03441000,Davidson
02100500,Deep
02102000,Deep
02111180,Elk Creek
03479000,Elk
02085000,Eno
02085070,Eno
03504000,Fires Creek
02152100,First Broad
02085500,Flat
03439000,"French Broad, North Fork"
03439000,"French Broad, West Fork"
03451500,French Broad
03453500,French Broad
02096960,Haw
03455500,Hominy Creek
02140991,Johns
03460000,Jonathans Creek
02138500,Linville
02102908,Little (Cape Fear trib)
208521324,Little (Eno trib)
03441000,Little (Fr.Broad trib)
02081500,Little Fishing Creek
03503000,Little Tennessee
03441000,Looking Glass Creek
02070500,"Mayo, N. Fork"
02069700,"Mayo, S. Fork"
03504000,Nantahala
03505550,Nantahala
02087183,Neuse
02096846,New Hope Creek
03161000,"New, S. Fork"
03164000,New
03465500,Nolichucky
03441000,North Pacolet
03463300,North Toe
03512000,Oconaluftee
03456500,"Pigeon, Big East Fork"
03456500,"Pigeon, East Fork"
03455500,"Pigeon, West Fork"
03459500,Pigeon
03460795,Pigeon
03512000,Raven Fork
02111500,Reddies
02094500,Reedy Fork Creek
208062765,Roanoke
02101726,Rocky (Cape Fear Trib)
02126000,Rocky (Pee Dee trib)
03446000,South Fork Mills River
02118000,South Yadkin
03453000,Spring Creek
03512000,Straight Fork
03451000,Swannanoa
03439000,Tanasee Creek
02081500,Tar
02082585,Tar
03463300,"Toe, South"
03465500,Toe
03510577,Tuckasegee
03513000,Tuckasegee
03479000,Watauga
02140991,Wilson Creek
02111000,Yadkin
02112000,Yadkin
02112250,Yadkin
02116500,Yadkin
351706800,Yellow Creek
05099400,Little South Pembina
05099600,Pembina
05054000,Red River of the North
06775900,Dismal
06461500,Niobrara
01137500,Ammonoosuc
01053500,Androscoggin
01157000,Ashuelot
01161000,Ashuelot
01076000,"Baker, S. Branch"
01076000,Baker
01064801,Bearcamp
01087000,Blackwater
01161000,Broad Brook
01075000,Cascade Brook
01072800,Cocheco
01129200,Connecticut
01144500,Connecticut
01085000,"Contoocook, N. Branch"
01082000,Contoocook
01085000,Contoocook
01152500,Croyden Brook
01052500,Diamond River
01075000,Dry
01078000,Fowler
01077400,Halls Brook
01072870,Isinglass
01073500,Lamprey
01081500,Merrimack
01092000,Merrimack
01096500,Nashua
01158600,Otter Brook
01074520,"Pemigewasset, East Branch"
01074520,"Pemigewasset, Hancock Branch"
01075000,"Pemigewasset, North Fork."
01075000,Pemigewasset
01076500,Pemigewasset
01090800,"Piscataquog, North Branch"
01091500,Piscataquog
01076000,Pond Brook
10642505,Saco
01064500,Saco
10642505,Sawyer
01078000,Smith
01089100,Soucook
01093852,Souhegan
01094000,Souhegan
01093852,Stony Brook
01152500,Sugar
01089100,Suncook
01086000,Warner
01081000,Winnipesaukee
01064801,Wonalancet
01463500,Delaware
01399500,Lamington
01455500,Musconetcong
01443500,Paulins Kill
01382500,Pequannock
01445500,Pequest
01386000,Posts Creek
01398500,"Raritan, N. Branch"
01396500,"Raritan, S. Branch"
01399670,Rockaway Creek
01380450,Rockaway
01383500,Wanaque
01386000,West Brook
09364500,Animas
07211500,Canadian
07207000,Cimarron
09431500,Gila
08324000,Jemez
07216500,Mora
08379500,Pecos
08265000,Red River
08284100,Rio Chama
08286500,Rio Chama
08287000,Rio Chama
08263500,Rio Grande
08276500,Rio Grande
08313000,Rio Grande
08324000,Rio Guadalupe
08289000,Rio Ojo Caliente
08276300,Rio Pueblo de Taos
08291000,Rio Santa Cruz
09444000,San Francisco
09368000,San Juan
13161500,"Bruneau, West Fork"
10311000,Carson River
13162225,"Jarbidge, East Fork"
13162225,"Jarbidge, West Fork"
13175100,Owyhee
10347460,Truckee
10348000,Truckee
10351700,Truckee
01330000,Anthony Kill
04275000,"Ausable, E. Branch"
04275500,"Ausable, W. Branch"
04275500,Ausable
01315500,Balm of Gilead Brook
01197000,Bash Bish Brook
01349950,Basic Creek
01413500,Batavia Kill (Delaware tributary)
01349950,Batavia Kill (Schoharie Cr. Tributary)
01329490,Batten Kill
01350080,Bear Kill
01420500,Beaver Kill (Delaware tributary)
01362500,Beaver Kill (Hudson tributary)
04213500,Beaver Meadow Creek
01321000,Beecher Creek
01367500,"Beer Kill, W. Branch"
01367500,Beer Kill
04275500,Black Brook
04252500,"Black, S. Branch"
04252500,Black
04260500,Black
04262500,Bog
04262500,Boland Creek
04275000,"Boquet, N. Branch"
04275000,"Boquet, S. Branch"
04275000,Boquet
01315500,Boreas
01362500,Bowery Creek
01507000,Bowman Creek
01315500,"Branch, The (Boquet trib.)"
01317000,"Branch, The (Schroon trib.)"
01413398,Bush Kill
04244000,Butternut Creek
01427500,"Callicoon Creek, E. Branch"
01427500,"Callicoon Creek, N. Branch"
04213500,Canadaway Creek
01349150,Canajoharie Creek
04235000,Canandaigua Outlet
04224775,Canaseraga Creek
01525500,Canisteo
01321000,Caroga Creek
04233286,Cascadilla Creek
01350080,Catskill Creek
01362500,Catskill Creek
04213500,"Cattaraugus Creek, S. Branch"
04213500,Cattaraugus Creek
04233255,Cayuta Creek
04215500,"Cazenovia Creek, W. Branch"
04215500,"Cazenovia Creek, W.Branch"
01315500,Cedar
04271500,Chateaugay
04213075,Chautauqua Creek
04244000,Chittenango Creek
04256000,Cincinnati Creek
01361000,Claverack Creek
04213500,"Clear Creek, N. Br."
01351500,Cobleskill Creek
01315500,Cold
04228500,Conesus Creek
01321000,County Line Brook
01367500,Coxing Kill
01375000,Croton
04256000,Crystal Creek
04242500,Deer (Black trib.)
04268800,Deer (St. Lawrence trib.)
01315500,Deer Creek (Hudson Trib.)
01413500,"Delaware, E. Branch"
01422500,"Delaware, Little Delaware"
01421900,"Delaware, W. Branch"
01428500,Delaware
01321000,Doig Creek
01413408,Dry Brook
01321000,Dunning Creek
01321000,East Canada Creek
01349700,East Kill (Schoharie Creek trib)
01315500,East Stony Creek
04215500,"Eighteenmile Creek, S. Br."
04215500,Eighteenmile Creek
01321000,Elbow Creek
04218518,Ellicott Creek
04262500,Elm Creek
01362200,Esopus Creek
01362500,Esopus Creek
01364500,Esopus Creek
04234000,Fall Creek
04242500,"Fish Creek, E. Branch"
01372500,Fishkill Creek
04235250,Flint Creek
01350080,Fox Creek
04223000,Genesee
01321000,Georgia Brook
01315500,Glen Creek
04262500,"Grass, Lower S. Branch"
04262500,"Grass, Middle Branch"
04262500,"Grass, N. Branch"
04262500,"Grass, Upper South Branch"
04262500,Grass
04271500,"Great Chazy, North Branch"
04271500,Great Chazy
423401815,Great Gully Creek
01317000,Hague Brook
01359528,Hannacrois Creek
01321000,Holmes Lake Outlet
04229500,Honeoye Creek
01334500,Hoosic
01312000,Hudson
01315500,Hudson
01327750,Hudson
04256000,Independence River
04256000,Independence
01315000,Indian (Hudson trib.)
04254500,Indian (S.Br. Moose trib.)
04262500,Island Branch
04262500,Jenny Creek
01321000,Jimmy Creek
04275000,John's Brook
04268800,Jordan
01362500,Kaaterskill Creek
04224775,Keshequa Creek
04232482,Keuka Outlet
01361000,Kinderhook Creek
01349700,Kiskatom Creek
01361000,Kline Kill
01421900,Kortright Creek
04268800,Lake Ozonia Outlet
04244000,Limestone Creek
04275000,Little Black Brook
04252500,Little Black Creek
04213075,Little Chautauqua Creek
04268800,Little Trout
04252500,Little Woodhull Creek
04262500,Little
04242500,Mad River
04271500,Marble
04268800,Meacham Lake Outlet
04280450,Mettawee
01414500,Mill Brook
01317000,Mill Creek (Essex County)
01315500,Mill Creek (Hudson trib.)
04256000,Mill Creek (Lewis County)
01357500,Mohawk
04242500,Mohawk
01367500,Mombaccus Creek
01433500,Mongaup
01387500,Moodna Creek
04254500,"Moose, Middle Branch"
04254500,"Moose, S. Branch"
04254500,Moose
04218000,Murder Creek
04256000,Negro Brook
01435000,"Neversink, E. Branch"
01434498,"Neversink, W. Branch"
01436690,Neversink
01437500,Neversink
04242500,Ninemile Creek
01334500,Normans Kill
01359528,Normans Kill
01349150,North Chuctanunda Creek
01315500,North Creek
01349150,Nowadaga Creek
04220045,Oak Orchard Creek
04230500,Oatka Creek
01338000,Oriskany Creek
04262500,"Oswegatchie, E. Branch"
04262500,"Oswegatchie, Middle Branch"
04213000,Ashtabula
03242350,Caesar Creek
04209000,Chagrin
04213000,Conneaut Creek
04206000,Cuyahoga
04208000,Cuyahoga
03272700,Four Mile Creek
04212100,Grand
03274000,Great Miami
03264000,Greenville Creek
03271300,Holes Creek
03136500,Kokosing
03147500,Licking
03109500,Little Beaver Creek
03246500,"Little Miami River, East Fork"
03242050,Little Miami
03245500,Little Miami
03264000,Ludlow Creek
03270000,Mad River
03270000,Mad
03241500,Massie's Creek
04193500,Maumee
03244936,O'Bannon Creek
03225500,Olentangy
03232470,Paint Creek
03264000,Painter Creek
04195820,Portage
03232300,Rattlesnake Creek
03232500,Rocky Fork Creek
04201500,"Rocky, N. Br. of the W. Br."
04201500,"Rocky, W. Br."
04201500,"Rocky, W.Br."
04207200,Sagamore Creek
04198000,Sandusky
03247500,Stonelick Creek
03244936,Sycamore Creek
04207200,Tinker's Creek
03245500,Todd Fork
04199500,Vermilion
03144000,Wakatomica Creek
03238495,White Oak Creek
07164500,Arkansas
07332500,Blue
07196000,Flint Creek
07337900,Glover
07329780,Honey Creek
07196500,Illinois River
07335700,Kiamichi
07338750,Mountain Fork
07339000,Mountain Fork
07331300,Pennington Creek
07337900,Rocky Creek
14201500,Abiqua Creek
14306500,"Alsea, N. Fork"
14306500,Alsea
14182500,Battle Axe Creek
14142800,Beaver Creek
14337500,Big Butte Creek
14180300,Boulder Creek
14305500,Boulder Creek
14179000,Breitenbush
14154500,Brice Creek
14377100,Briggs Creek
14140000,Bull Run
14201500,Butte Creek
14316495,Calf Creek
14185900,Canal Creek
14316700,Canton Creek
14185000,Canyon Creek
14377100,Canyon Creek
14182500,Cedar Creek
14400000,"Chetco, South Fork"
14400000,Chetco
14147500,Christy Creek
14209250,"Clackamas, Oak Grove Fork"
14209500,"Clackamas, South Fork"
14209500,Clackamas
14210000,Clackamas
14209500,Collawash
14316495,Copeland Creek
14309500,"Coquille, MF"
14325000,"Coquille, S. Fork"
14188800,Crabtree Creek
14087400,Crooked
14142800,"Deep Creek, NF"
14076500,Deschutes
14103000,Deschutes
10396000,Donner and Blitzen
14138850,Eagle Creek
14209500,Eagle Creek
14338000,Elk Creek (Rogue)
14185900,Elk Creek (Santiam)
14209500,Elk Lake Creek
14182500,Elkhorn Creek
14318000,Emile Creek
14305500,Euchre Creek
14151000,Fall Creek
14209500,Fish Creek
14315950,Fish Creek
14179000,French Creek
14182500,Gold Creek
13333000,Grande Ronde
14361500,Grave Creek
14309500,Graves
14182500,Henline
14120000,"Hood, E. Fork"
14120000,"Hood, Lake Branch"
14120000,"Hood, Middle Fork"
14120000,"Hood, West Fork"
14120000,Hood
14377100,Illinois
14308000,Jackson Creek
14046000,"John Day, N. Fork"
14046500,John Day
14048000,John Day
14301500,Jordan Creek
14307620,Lake Creek Slides
14307620,Lake Creek
14154500,Layng Creek
14316495,Limpy Creek
14303600,Little Nestucca
14318000,Little River
14141500,Little Sandy
14169000,Long Tom Hole
14190500,Luckiamute
14159200,"McKenzie, EF of the SF"
14159200,"McKenzie, S. Fork"
14158500,McKenzie
14162500,McKenzie
14163150,McKenzie
14091500,Metolius
14200000,"Molalla, North Fork"
14200000,"Molalla, Table Rock Fork"
14200000,Molalla
14299800,Nehalem
14301000,Nehalem
14209500,Nohorn Creek
14182500,Opal Creek (Opal Proper)
13181000,Owyhee
14400000,Pistol
14159500,Quartz Creek
14185900,Quartzville Creek
14190500,Rickreall Creek
14190500,Rickreall
14209500,Roaring River
14299800,Rock Creek (Nehalem)
14330000,"Rogue, North Fork"
14337600,Rogue
14359000,Rogue
14361500,Rogue
14372300,Rogue
14155500,Row
14137000,Salmon
14299800,"Salmonberry, North Fork"
14299800,Salmonberry
14137000,Sandy
14142500,Sandy
14182500,"Santiam, Little North (Classic Opal)"
14182500,"Santiam, Little North (Opal Gorge)"
14182500,"Santiam, Little North (Upper Opal)"
14182500,"Santiam, Little North"
01543500,Anderson Creek
01619000,"Antietam Creek, E. Branch"
01548500,Babb Creek
03106500,Bear Creek (Allegheny River trib.)
01447800,Bear Creek
01571500,Bermudian Creek
01613050,Big Cove Creek
03106300,Big Run
01447800,Black Creek (and Quakake Creek)
03042000,"Blacklick Creek, S. Branch"
03042000,Blacklick Creek
01560000,Bobs Creek
01480870,"Brandywine Creek, E. Branch"
01481000,"Brandywine Creek, W. Branch"
01440400,Brodhead Creek
01601000,Brush Creek
01480617,Buck Run
03079000,Casselman
03029500,Clarion River
03040000,Clear Shade Creek
01541500,Clearfield Creek
01575500,Codorus Creek
03041500,Conemaugh
01573710,Conewago Creek (East)
01573825,Conewago Creek (West)
03106000,Connoquenessing Creek
03040000,Dark Shade Creek
01542810,Deer Creek
03081000,Drake Run
03029500,East Branch Millstone Creek
03020500,East Sandy Creek
04213152,Elk Creek
03021350,"French Creek, S. Branch"
01472157,French Creek
01564500,Great Trough Creek
01439500,Hornbeck's Creek
03080000,Indian Creek
01565000,Kishacoquillas Creek
01534300,Lackawanna
01534500,Lackawanna
04213075,Lamson Run
03080000,Laurel Hill Creek
01447800,Lehigh
01449000,Lehigh
01453000,Lehigh
03041000,Little Conemaugh (North)
03041000,Little Conemaugh (South)
03041000,Little Conemaugh
04213075,Little Elk Creek
01601000,Little Wills Creek
03045000,Loyalhanna Creek
01552000,Loyalsock Creek
03034000,Mahoning Creek
01639000,Marsh Creek
03070500,Meadow Run
03020500,Mill Creek (Allegheny R. trib.)
03024000,"Mill Creek (French Creek Trib, Venango County"
03106300,Muddy Creek (Slippery Rock trib)
01577500,Muddy Creek (Susquehanna trib)
01538000,Nescopeck Creek
03106500,Neshannock Creek
01574500,Otter Creek
03040000,Paint Creek
01576787,Pequea Creek
01548500,Pine Creek
03022540,Pithole Creek
03040000,Quemahoning Creek
01439500,Raymondskill Creek
03040000,Roaring Fork
01532000,Schrader Creek
01474500,Schuylkill
03040000,Shade Creek
01439500,Shohola Creek
01548500,Slate Run
03106500,Slippery Rock Creek
01560000,South Poplar Run
01547100,Spring Creek
03040000,Stonycreek River
01570500,Susquehanna River
01459500,Tohickon Creek
01532000,"Towanda Creek, S. Branch"
03040050,Trout Run
01447680,Tunkhannock Creek
04213152,Twelve Mile Creek
04213152,Walnut Creek
01538000,Wapwallopen Creek
03079000,Whites Creek
01560000,Yellow Creek
03081500,Youghiogheny
01545600,Young Womans Creek
01112500,Blackstone
02160381,Beaverdam Creek
02187910,Broad Mouth Creek
02153200,Broad
02156500,Broad
02161000,Broad
02160381,Cedar Shoals Creek
02177000,Chauga
02169500,Congaree
03439000,Eastatoe Creek -1
02160326,Enoree
02160390,Enoree
02177000,Flat Shoal River
02160105,Jimmies Creek
02156300,Lawsons Fork Creek
02187910,Little River
02177000,"Little, North Fork"
03439000,Matthews Creek
03439000,Oilcamp creek
21556525,Pacolet
03439000,Reedy Cove Creek
02164000,Reedy River
02164110,Reedy River
02164110,Reedy
02187910,Rocky River
02162350,"Saluda, Middle"
21623975,"Saluda, North"
02162290,"Saluda, South"
02162500,Saluda
02163500,Saluda
02168504,Saluda
02196000,Stevens Creek
02186000,Twelvemile Creek
02157510,"Tyger, Middle"
02160105,"Tyger, North"
02160105,"Tyger, South"
02160105,Tyger
02160390,Warrior Creek
02177000,Whetstone Creek
02187910,Wilson Creek
06404000,Battle Creek
06482020,Big Sioux
06411500,Rapid Creek
06412500,Rapid Creek
06433000,Redwater
06429905,Sand Creek
06431500,Spearfish Creek
06436180,Whitewood Creek
03497300,Abrams Creek
03518500,Bald River
03535400,Beaver Creek
03518500,Citico Creek
03539778,Clear Creek
03403910,Clear Fork (of the Cumberland)
03409500,Clear Fork
03518500,Coker Creek
03518500,Conasauga Creek
03540500,Crab Orchard Creek
03540500,Crooked Fork Creek
03539600,Daddy's Creek
03518500,Doublecamp Creek
03596000,Duck River
03539800,Emory
03540500,Emory
03540500,"Flat Fork, North Prong"
03518500,Gee Creek
03566000,Hiwassee
03414500,Hurricane Creek
03539778,Little Clear Creek
03540500,"Little Emory, Middle Fork"
03414500,Little Hurricane Creek
03518500,Little Loss Creek
03497300,"Little Pigeon, Middle Prong (The Greenbrier)"
03497300,"Little, Middle Prong (Tremont)"
03497300,"Little, Middle Prong"
03497300,"Little, West Prong"
03497300,Little
03498500,Little
03497300,Lynn Camp Prong
03408500,New River
03518500,North River
03538830,Obed
03540500,Obed
03414500,"Obey, E. Fork"
03415000,"Obey, West Fork"
03518500,Piney Creek
03465500,Spivey Creek
03497300,Spruce Flats Prong
03428200,"Stones, W.Fk."
03518500,Tellico
03497300,Thunderhead Prong
03518500,Turkey Creek
03518500,Turtletown Creek
03539778,White Creek (Morgan County)
03409500,White Oak Creek
03518500,Wildcat Creek (Tellico Tributary)
03539600,Yellow Creek (Cumberland Co.)
08155200,Barton Creek
08155300,Barton Creek
08104700,Bear Creek (Williamson Co.) (no known descents)
08150800,Beaver Creek (current beta needed)
08101000,Bee House Creek (current beta needed)
08105095,Berry Creek (current beta needed)
08171000,Blanco
08171300,Blanco
08084000,"Brazos, Clear Fork (no known descents)"
08080500,"Brazos, Double Mtn Fk (no known descents)"
08079600,"Brazos, Double Mtn Fk, N Fk (no known descents)"
08082000,"Brazos, Salt Fork (no known descents)"
08108700,Brazos
08105888,Brushy Creek
08154700,Bull Creek
07227500,Canadian River
08095400,Childress Creek
08185000,Cibolo Creek (current beta needed)
08147000,Colorado
08158000,Colorado
08169000,Comal
08136000,Concho (no known descents)
08101000,Cowhouse Creek (current beta needed)
08055000,Denton Creek
08196000,Dry Frio (current beta needed)
08061540,Duck Creek
08195000,Frio
08167000,Guadalupe (current beta needed)
08167000,Guadalupe
08167800,Guadalupe
08168500,Guadalupe
08190000,Hackberry Creek--Nueces River (no known descents)
08095400,Hog Creek (current beta needed)
08200720,Hondo Creek (no known descents)
08447020,Independence Creek (no known descents)
08103800,Lampasas (current beta needed)
08171000,Little Blanco (current beta needed)
08158380,Little Walnut Creek (current beta needed)
08150000,Llano (current beta needed)
08150700,Llano (current beta needed)
08151500,Llano River
08150000,"Llano, Johnson Fork (current beta needed)"
08151500,Llano
08178880,Medina
08095000,Meridian Creek (current beta needed)
08095300,Middle Bosque
08032000,Neches
08095000,Neils Creek (current beta needed)
08092000,Nolan (current beta needed)
08094800,North Bosque (current beta needed)
08153500,North Grape Creek (current beta needed)
08190000,Nueces (current beta needed)
08158700,Onion Creek
08159000,Onion Creek
08091500,Paluxy
08446500,Pecos
08153500,Pedernales
08374550,Rio Grande
08375300,Rio Grande
08103900,Rocky Creek (current beta needed)
08061540,Rowlett Creek
08198000,Sabinal (current beta needed)
08105095,Salado Creek (current beta needed)
810464660,"San Gabriel, N. Fork"
08104700,"San Gabriel, N. Fork"
08104900,"San Gabriel, S. Fork (current beta needed)"
08181400,San Geronimo Creek (current beta needed)
08170500,San Marcos
08171400,San Marcos
08146000,San Saba (current beta needed)
08376300,Sanderson Creek (no known descents)
08152000,Sandy Creek (current beta needed)
08201500,Seco Creek (current beta needed)
08156800,Shoal Creek (current beta needed)
08061540,Spring Creek (current beta needed)
08091500,Steele Creek (current beta needed)
08095300,Tonkawa Creek
08047500,"Trinity, Clear Fork"
08048000,"Trinity, West Fork (current beta needed)"
08057000,Trinity
08200000,Verde Creek (current beta needed)
08158200,Walnut Creek
08063800,"Waxahachie Creek, South Prong"
08057200,Whiterock Creek
10164500,American Fork
10011500,Bear
09217900,"Blacks Fork, E. Fork"
09217900,"Blacks Fork, W. Fork"
10113500,Blacksmith Fork
10131000,Chalk Creek
09180500,Colorado
09333500,Dirty Devil
10133800,East Canyon Creek
09337500,Escalante
09326500,"Ferron Creek, lower"
09315000,Green
10171000,Jordan
10168000,Little Cottonwood Creek
10109000,Logan
09330500,Muddy Creek
10137500,"Ogden, South Fork"
10140100,Ogden
10140700,Ogden
09314500,Price
10154200,Provo
10163000,Provo
09279000,Rock Creek
09379500,San Juan
09328500,San Rafael
10149000,Sixth Water Creek
10150500,Spanish Fork
09288180,Strawberry
09296800,Uinta
09405500,"Virgin, N. Fork"
09405500,Virgin
09406000,Virgin
09408150,Virgin
10128500,Weber
10130500,Weber
10132000,Weber
10136500,Weber
09304800,White
09292500,Yellowstone
01654000,Accotink Creek
02041650,Appomattox
01660400,Aquia Creek
02011500,Back Creek (Jackson trib)
01613900,Back Creek (Potomac trib)
01614000,Back Creek (Potomac trib)
02056650,Back Creek (Roanoke R. trib)
01627500,Back Creek (South R. trib)
03473000,Beaverdam Creek
03524000,Big Cedar Creek
03524000,Big Moccasin Creek
03527000,Big Stony Creek
03527000,"Big Stony, Mountain Fork"
01620500,Briery Branch
02032250,Buck Mountain Creek
02015700,Bullpasture
02024000,Calfpasture
01638350,Catoctin Creek
01635090,Cedar Creek
03165000,Chestnut Creek
03524000,Clinch
01667500,Conway
03527000,Cove Creek
01662800,Covington
02016000,Cowpasture
03529500,Crab Orchard Branch
02018000,Craig Creek
01644280,Cub Run
01652500,Dead Run
01646000,Difficult Run
01652500,Donaldson Run
01620500,Dry
02013000,Dunlap Creek
03165000,Elk Creek
01652500,Four Mile Run
01644000,Goose Creek
03473000,Green Cove Creek
03524500,Guest
02030000,"Hardware, N. Fork"
02030000,"Hardware, S. Fork"
02030000,Hardware
03473000,"Holston, South Fork"
01664000,Hughes and Hazel
02011500,Jackson
02011800,Jackson
02016500,James
02019500,James
02025500,James
02037500,James
03527000,Jasper Creek
01620500,Jennings Branch
02017500,Johns Creek
03524000,Little (Clinch R. trib)
01620500,Little (North R. trib)
03170000,Little River (New R. trib)
01671100,Little River (North Anna trib)
03529500,Little Stony Creek
02032640,Lynch
02021500,Maury
02024000,Maury
01632000,Middle
01632000,Mill Creek (Shenandoah trib)
02032250,"Moormans, South Fork"
02032250,Moormans
03165500,New
03168000,New
03171000,New
03176500,New
01671100,Newfound
01670400,North Anna
01620500,North
02044500,Nottoway
01635500,Passage Creek
02024915,Pedlar
01652500,Pimmit Run
02027500,Piney River
02027500,"Piney, North Fork"
01654000,Pohick Creek
01605500,"Potomac, Laurel Fork of North Fork of South Branch"
01607500,"Potomac, S. Fk. of the S. Br."
01605500,"Potomac, South Branch"
02014000,Potts Creek
03209000,Pound
03529500,"Powell, South Fork"
03529500,Powell
01658500,"Quantico Creek, S. Branch"
01667500,Quantico Creek
01667500,Rapidan
01664000,Rappahannock
01668000,Rappahannock
03167000,Reed Creek
02032640,"Rivanna, North Fork"
02034000,Rivanna
02032640,Roach
02053800,"Roanoke, South Fork"
02054530,Roanoke
02056000,Roanoke
01666500,Robinson
01666500,Rose
01662800,Rush
02027000,Saint Mary's
01646000,Scott Run
01632000,"Shenandoah, N. Fork"
01631000,"Shenandoah, S. Fork"
01631000,Shenandoah
02072000,Smith
02072500,Smith
02073000,Smith
01665500,South (Rapidan trib)
01626000,South (Shenandoah tributary)
01672500,South Anna
01652500,Spout Run
02024915,Staton's Creek
02062500,Staunton
03527000,Stock Creek
02028500,Stoney Creek
01632000,Stony Creek (NF Shenandoah trib)
03473000,Tennessee Laurel Creek
01664000,Thornton
03488000,Tumbling Creek
02027000,"Tye, North Fork"
02027000,"Tye, South Fork"
02027000,"Tye, Upper North Fork"
02027000,Tye
03173000,Walker Creek
01667500,White Oak Run
03473000,Whitetop Laurel Creek
01652500,Windy Run
03175500,Wolf Creek
01153000,Black
04292500,Browns
04296500,Clyde
04292000,Gihon
04292500,"Lamoille, North Branch"
04292000,Lamoille
04292500,Lamoille
04289000,Little
04288000,Mad
04294000,Missisquoi
01134500,Moose
04282525,New Haven
01151500,Ottauquechee
04282500,Otter Creek
01133000,Passumpsic E Br
04280000,Poultney
04288230,Sterling Brook
01139000,Wells
01155500,West
01155910,West
01142500,White
01144000,White
04290500,Winooski
12488500,American
12179900,Bacon Creek
12035000,Baker Creek
12190400,Baker River
12052210,Big Quilcene
12043015,Bogachiel
12451000,Bridge Creek (Stehekin River)
12488500,Bumping
12043000,"Calawah, S. Fork"
12043000,Calawah
14219000,Canyon Creek (Lewis River trib.)
12161000,Canyon Creek (S.F. Still. trib)
12094000,Carbon
12182500,Cascade
12117600,Cedar River
12020000,"Chehalis, W. Fork"
12020000,Chehalis
12448000,Chewuch
12456500,Chiwawa
14231900,Cispus
12208000,Clearwater (MF Nooksack trib.)
14222500,Copper Creek
14226500,"Cowlitz, Clear Fork"
14226500,Cowlitz
14238000,Cowlitz
12166300,Deer Creek
12079000,Deschutes
12054000,Dosewallips
12054000,Duckabush
12048000,Dungeness
12113000,Duwamish
12045500,Elwha
12452800,Entiat
12449950,Granite Creek
12010000,Grays River
12106700,Green
12113000,Green
12097500,Greenwater
12424000,Hangman (Latah) Creek
12041200,Hoh
12043300,Hoko
12039005,"Humptulips, E. Fork"
12039005,"Humptulips, W. Fork"
12056500,Jefferson Creek
12404500,Kettle
14113000,Klickitat
14222500,"Lewis, E. Fork"
14216000,"Lewis, N. Fork"
14113000,Little Klickitat
12459000,Little Wenatchee
12452890,Mad
12087000,Mashel
12040500,Matheny Creek
14231900,McCoy Creek
12448500,Methow
12449950,Methow
14216500,Muddy
12086000,Nisqually
12089500,Nisqually
12208000,"Nooksack, Middle Fork"
12205000,"Nooksack, N. Fork"
14226500,Ohanapecosh
13351000,Palouse River
12155300,Pilchuck River
12092000,Puyallup
12101500,Puyallup
12040500,Queets
12039500,Quinault
12145500,Raging
12035000,"Satsop, Middle Fork"
12186000,"Sauk, N. Fork"
12186000,Sauk
12189500,Sauk
12442500,Similkameen
04024430,Amnicon
04026450,Bad
04027000,Bad
05430150,Badfish
04084911,Baird Creek
05405000,Baraboo
05425912,Beaver Dam
05396000,Big Rib
05381000,Black (Clark Co.)
05381000,Black (Jackson Co.)
05394500,Black Creek
04084911,Bower Creek
04086500,Cedar Creek
05356000,"Chippewa, E.Fk."
05356000,Chippewa
05365550,Chippewa
05394500,Copper
04081000,Crystal
04085108,Devils
05397500,Eau Claire (Wisconsin R. trib)
04078500,Embarrass
05543830,Fox (Illinois R. trib.)
05545750,Fox (Illinois R. trib.)
04084445,Fox
04085108,Greenleaf Creek
05381000,Halls (Stockwell) Creek
04087119,Honey Creek
05362000,"Jump, S.Fk."
05362000,Jump
04087159,Kinnickinnic (Milwaukee trib)
05342000,"Kinnickinnic (St.Croix trib), S.Fk."
05342000,Kinnickinnic (St.Croix trib)
05399500,Little Eau Pleine
05414000,Little Platte
04072076,Little Suamico
04080000,Little Wolf
04026561,Long Lake Branch
04085427,Manitowoc
04087030,Menomonee
04087120,Menomonee
04086600,Milwaukee
04087000,Milwaukee
04026561,"Montreal, W.Fk."
05381000,Morrison Creek
40857005,Mullet
05331833,Namekagon
05394500,New Wood
04026561,North Fish Creek
04087204,Oak Creek
04066500,"Pemebonwon, N.Br."
04066500,"Pemebonwon, S.Br."
04067958,Peshtigo
04087030,Pigeon Creek
04087257,Pike (Kenosha Co.)
04066500,Pike
05395063,Pine (Lincoln Co.)
04064500,Pine
04063700,"Popple, Little"
04063700,Popple
05394500,Prairie
05369000,Red Cedar
04077630,"Red, W.Br."
03066000,Beaver Creek
03070500,Beaver Creek
03189100,Big Beaver Creek
03198350,"Big Coal River, Clear Fork"
03198500,"Big Coal River, Marsh Fork"
03198500,Big Coal River
03184000,Big Creek
01606000,Big Run
03070500,Big Sandy Creek
03212750,"Big Sandy River, Tug Fork"
03194700,Birch
03066000,"Blackwater, North Fork"
03066000,Blackwater
03179000,Bluestone
03179000,Brush Creek
03189100,Brushy Meadow Creek
03052500,"Buckhannon, Left Fork of the Right Fork"
03052500,"Buckhannon, Left Fork"
03052500,"Buckhannon, Right Fork"
03052450,Buckhannon
03056250,Buffalo Creek (Cheat trib)
03194700,Buffalo Creek (Elk trib)
03070500,Bull Run
01608000,Cacapon
03179000,Camp Creek
03069500,"Cheat, Black Fork"
03065000,"Cheat, Dry Fork"
03067510,"Cheat, Glady Fork"
03065000,"Cheat, Laurel Fork"
03067510,"Cheat, Shavers Fork"
03068800,"Cheat, Shavers Fork"
03069500,Cheat
03070260,Cheat
03189100,"Cherry, N. Fork"
03189100,"Cherry, S. Fork"
03189100,Cherry
03187500,Cranberry
03070500,Daugherty Run
03062500,Deckers Creek
03182500,Deer Creek
03061000,Elk Creek
03194700,"Elk River, Back Fork"
03194700,"Elk River, Old Field Fork"
03194700,Elk River
03184000,Fall Branch
03056250,Fields Creek
03065000,Gandy Creek
03189100,Gauley
03192000,Gauley
03194700,Grassy Creek
01595000,Green's Run
03182500,"Greenbrier River, East Fork"
03182500,"Greenbrier River, West Fork"
03182500,Greenbrier River
03183500,Greenbrier River
03184000,Greenbrier River
03202400,Guyandotte River
03194700,"Holly River, Laurel Fork of Left Fork"
03194700,"Holly River, Left Fork"
03194700,"Holly River, Right Fork"
03066000,Horseshoe Run
01606000,Jordan Run
03193000,Kanawha River
03188900,Laurel Creek (Cherry trib)
03194700,Laurel Creek (Elk River tributary)
03185000,Laurel Creek (New River tributary)
03062500,Laurel Run
03070500,Laurel Run
03194700,Leatherwood Creek (Clay County)
03194700,Leatherwood Creek (Webster County)
03185000,Lick Creek
03194700,Little Birch River
03179000,Little Bluestone River & Tributaries
03200500,"Little Coal River, Pond Fork"
03200500,Little Coal River. Pond Fork
03151400,"Little Kanawha River, Right Fork"
03151400,Little Kanawha River
03189100,Little Laurel Creek
03182500,Little River
03070500,Little Sandy Creek
03184000,Little Wolf Creek
01607500,Lost
01604500,"Lunice Creek, North Fork"
01604500,Lunice Creek
03185000,Madams Creek
03185000,Meadow Creek
03190000,Meadow
03052000,Middle Fork
03065000,Moore Run
03179000,Mountain Creek
03189100,Muddlety Creek
03070500,Muddy Creek
03184500,New
03185400,New
380649081083301,New
01604500,North River
03065000,Otter Creek
03198350,Paint Creek
03189100,Panther Creek
01604500,"Patterson Creek, North Fork"
03198500,Peachtree Creek
03191500,Peters Creek
03185000,Pinch Creek
03185000,Piney Creek
03179000,Pipestem Creek
01607300,"Potomac, Brushy Fork of the S. Fk. of the S. Br."
01606000,"Potomac, North Fork of South Branch"
01605500,"Potomac, S. Branch"
01606500,"Potomac, S. Branch"
01608500,"Potomac, S. Branch"
01607500,"Potomac, S.Fk. of the S.Br."
01608000,"Potomac, S.Fk. of the S.Br."
03070500,Pringle Run
03066000,Red Creek
03065000,Red Run
03070500,Roaring Creek
01595000,Saltlick Creek
03052500,Sand Run
03198500,Sandlick Creek
01606000,Seneca Creek
01636500,Shenandoah
01614000,Sleepy Creek
10016900,Bear
06224000,Bull Lake Creek
06207500,Crandall Creek
06632400,Douglas Creek
06625000,Encampment
09188500,Green
13023000,Greys
13014500,Gros Ventre
06632400,Libby Creek
06632400,Medicine Bow River
06632400,Middle Fork Little Laramie
06233000,Middle Popo Agie
06623800,North Fork Encampment
06632400,North Fork Little Laramie
06632400,North French Creek
06632400,North Mullens Creek
06652000,North Platte
06311400,"Powder, North Fork"
06632400,Rock Creek
06278500,Shell Creek
06279940,"Shoshone, North Fork"
06280300,"Shoshone, South Fork"
13010065,Snake
13011000,Snake
13013650,Snake
13022500,Snake
06639000,Sweetwater
06278300,Tensleep Creek
06298000,Tongue
06220800,Wind
06186500,Yellowstone
